timestamp,equity
2025-01-22 21:10:00+00:00,989.8060755092333
2025-01-22 21:25:00+00:00,980.5932657567256
2025-01-25 02:45:00+00:00,990.7444950848484
2025-01-25 16:10:00+00:00,1020.5045550994654
2025-01-26 05:55:00+00:00,1060.425672183327
2025-01-26 21:15:00+00:00,1089.9955044847056
2025-01-27 00:00:00+00:00,1050.1860161050658
2025-01-30 06:40:00+00:00,1069.5179415681048
2025-01-31 04:10:00+00:00,1133.3292049503764
2025-01-31 12:30:00+00:00,1143.5087804327266
2025-01-31 17:05:00+00:00,1079.6291257412392
2025-01-31 17:50:00+00:00,1079.8767900036644
2025-01-31 20:20:00+00:00,1100.024390156042
2025-01-31 20:50:00+00:00,1113.2625690564257
2025-02-01 02:45:00+00:00,1123.4890320520303
2025-02-01 04:25:00+00:00,1120.8231831305563
2025-02-01 11:35:00+00:00,1059.260771639293
2025-02-01 15:05:00+00:00,1049.1633819650506
2025-02-01 20:30:00+00:00,1089.822041006127
2025-02-02 03:55:00+00:00,1110.3802296221031
2025-02-02 07:50:00+00:00,1083.640921940199
2025-02-02 08:25:00+00:00,1080.6240180225225
2025-02-02 14:10:00+00:00,1130.9992052904915
2025-02-02 15:30:00+00:00,1069.4815568202232
2025-02-05 16:05:00+00:00,1070.429751644064
2025-02-05 17:30:00+00:00,1060.26699081182
2025-02-06 00:45:00+00:00,1049.974810582161
2025-02-07 16:00:00+00:00,1039.6966134871639
2025-02-09 15:10:00+00:00,1069.3748756168163
2025-02-09 16:00:00+00:00,1029.6284643647057
2025-02-10 14:35:00+00:00,1059.0345058896096
2025-02-10 20:05:00+00:00,1048.9090544417638
2025-02-11 14:10:00+00:00,1044.1719435992277
2025-02-12 20:55:00+00:00,1034.0665070059154
2025-02-13 06:45:00+00:00,1003.454853743766
2025-02-13 08:40:00+00:00,993.3515516431622
2025-02-13 16:15:00+00:00,1013.5560774052688
2025-02-13 20:30:00+00:00,1054.2919655491262
2025-02-14 06:35:00+00:00,983.2256673972521
2025-02-14 10:55:00+00:00,973.1265636111289
2025-02-15 00:05:00+00:00,1023.9277443871867
2025-02-15 07:30:00+00:00,983.8710280886343
2025-02-15 12:15:00+00:00,973.6221674123926
2025-02-17 01:35:00+00:00,994.1141972471694
2025-02-17 10:55:00+00:00,994.0580534461645
2025-02-17 18:20:00+00:00,963.4663367850407
2025-02-18 09:00:00+00:00,993.06131671162
2025-02-18 22:40:00+00:00,1003.3097388621769
2025-02-19 15:45:00+00:00,972.471917513176
2025-02-20 01:30:00+00:00,982.771093407144
2025-02-20 02:45:00+00:00,965.9720214705719
2025-02-20 05:50:00+00:00,995.5470350274128
2025-02-20 18:10:00+00:00,1035.2312845704867
2025-02-20 19:30:00+00:00,1005.8399061318947
2025-02-21 02:30:00+00:00,1035.8084626737111
2025-02-21 04:10:00+00:00,1045.8825923332372
2025-02-21 11:10:00+00:00,1015.178045993154
2025-02-21 14:00:00+00:00,994.68394722122
2025-02-21 15:25:00+00:00,1004.9223166306957
2025-02-21 16:15:00+00:00,1074.968168934858
2025-02-21 16:15:00+00:00,1034.5857010624604
2025-02-21 19:15:00+00:00,1025.2824548323474
2025-02-22 05:05:00+00:00,1056.1402080361029
2025-02-22 16:15:00+00:00,976.356016769249
2025-02-23 03:40:00+00:00,983.7390523882854
2025-02-23 04:05:00+00:00,1014.267186119415
2025-02-23 11:30:00+00:00,951.6363318687767
2025-02-23 15:15:00+00:00,1066.376034189865
2025-02-23 15:40:00+00:00,1004.1563017784883
2025-02-23 20:30:00+00:00,981.075422603617
2025-02-23 23:00:00+00:00,971.9253791224768
2025-02-24 03:00:00+00:00,970.9578164631062
2025-02-24 04:00:00+00:00,961.8157245194081
2025-02-24 16:30:00+00:00,960.7037053016746
2025-02-24 22:10:00+00:00,1024.4992341154061
2025-02-25 06:00:00+00:00,991.309115329622
2025-02-25 06:10:00+00:00,993.8338613018394
2025-02-28 22:30:00+00:00,950.6084335140127
2025-03-01 09:35:00+00:00,930.4330857350795
2025-03-01 11:05:00+00:00,940.4880372888953
2025-03-01 11:15:00+00:00,920.3002072746798
2025-03-01 11:55:00+00:00,910.2050615530402
2025-03-01 15:15:00+00:00,900.1284993859311
2025-03-02 16:05:00+00:00,979.8855280287283
2025-03-02 16:30:00+00:00,1019.6864848437772
2025-03-02 16:40:00+00:00,990.0075035001253
2025-03-02 23:15:00+00:00,939.908264853161
2025-03-03 02:05:00+00:00,938.2716234936831
2025-03-03 03:15:00+00:00,929.6811574013836
2025-03-03 03:15:00+00:00,948.4572373770155
2025-03-03 03:30:00+00:00,958.8349088372997
2025-03-03 06:35:00+00:00,1009.5065423828887
2025-03-03 06:50:00+00:00,969.062954296364
2025-03-03 07:00:00+00:00,979.1970945538957
2025-03-03 09:20:00+00:00,999.4099217109476
2025-03-03 14:55:00+00:00,989.3222797397887
2025-03-03 18:25:00+00:00,950.4409640485798
2025-03-04 12:15:00+00:00,938.0623302647648
2025-03-04 13:15:00+00:00,960.622693749133
2025-03-05 15:05:00+00:00,948.160745069992
2025-03-06 00:40:00+00:00,937.9051759147299
2025-03-06 13:10:00+00:00,927.789209530281
2025-03-06 17:00:00+00:00,917.6366585301466
2025-03-06 19:55:00+00:00,944.4857536981077
2025-03-07 23:40:00+00:00,907.8175936945838
2025-03-08 06:45:00+00:00,958.3153597615257
2025-03-09 20:00:00+00:00,917.9915666511864
2025-03-12 00:15:00+00:00,904.6652226488013
2025-03-13 17:55:00+00:00,896.474792080647
2025-03-13 22:25:00+00:00,886.3404698303793
2025-03-14 20:20:00+00:00,877.2115455694742
2025-03-15 02:35:00+00:00,887.4051325601507
2025-03-16 02:10:00+00:00,906.6567762831871
2025-03-16 02:15:00+00:00,998.04246121583
2025-03-16 02:50:00+00:00,918.5891351040611
2025-03-16 10:35:00+00:00,1037.8270295550872
2025-03-16 19:45:00+00:00,1067.4081075437823
2025-03-16 22:35:00+00:00,883.271126890329
2025-03-17 02:50:00+00:00,897.5514751969037
2025-03-17 08:45:00+00:00,1146.9199229079304
2025-03-17 09:00:00+00:00,1107.3143617024737
2025-03-17 09:15:00+00:00,1077.602633702076
2025-03-17 12:15:00+00:00,1136.7671774255177
2025-03-17 17:35:00+00:00,958.5157335055728
2025-03-17 22:35:00+00:00,1176.6081045794815
2025-03-18 01:15:00+00:00,1156.348045301295
2025-03-18 07:20:00+00:00,1193.2352448638574
2025-03-18 17:20:00+00:00,1192.9288928106694
2025-03-18 18:00:00+00:00,878.7037952889328
2025-03-19 02:45:00+00:00,1166.4908981234905
2025-03-20 07:15:00+00:00,1212.7542046412898
2025-03-20 09:30:00+00:00,1233.0201017038444
2025-03-20 16:10:00+00:00,1282.1521538200504
2025-03-20 21:35:00+00:00,1222.8797731269774
2025-03-21 06:15:00+00:00,1203.0798662882685
2025-03-21 10:20:00+00:00,1252.5069491999418
2025-03-21 12:30:00+00:00,1193.1208923713189
2025-03-21 12:35:00+00:00,1182.7628409564968
2025-03-22 01:10:00+00:00,1192.939296445139
2025-03-22 04:25:00+00:00,1190.5768041764118
2025-03-22 07:20:00+00:00,1203.4962481638427
2025-03-22 11:50:00+00:00,1292.2921861732455
2025-03-23 12:10:00+00:00,1295.3538498886942
2025-03-23 21:35:00+00:00,1285.1473203575397
2025-03-24 01:00:00+00:00,1274.8348276924844
2025-03-24 12:55:00+00:00,1423.7471099223649
2025-03-24 16:50:00+00:00,1433.9297759262563
2025-03-24 18:15:00+00:00,1343.5550675885252
2025-03-25 02:15:00+00:00,1393.011114617327
2025-03-25 04:50:00+00:00,1403.2660756031382
2025-03-25 07:00:00+00:00,1314.4936815686863
2025-03-25 15:55:00+00:00,1354.1589955716754
2025-03-25 18:10:00+00:00,1397.694503662069
2025-03-25 22:20:00+00:00,1462.1759661073881
2025-03-26 03:15:00+00:00,1460.5803368398658
2025-03-26 04:40:00+00:00,1491.5472692577764
2025-03-26 05:10:00+00:00,1287.4297658709575
2025-03-26 08:30:00+00:00,1305.7304736155031
2025-03-26 10:30:00+00:00,1432.6820871154423
2025-03-26 13:30:00+00:00,1408.5944925357462
2025-03-26 14:20:00+00:00,1450.280967036557
2025-03-26 14:20:00+00:00,1418.75426178498
2025-03-26 14:40:00+00:00,1439.8376284842684
2025-03-26 15:55:00+00:00,1481.3269842600255
2025-03-26 17:40:00+00:00,1274.7242867247653
2025-03-26 21:35:00+00:00,1413.5757669630236
2025-03-27 01:10:00+00:00,1354.4781752293484
2025-03-27 02:40:00+00:00,1394.1664789759134
2025-03-28 02:40:00+00:00,1451.997390194084
2025-03-28 03:05:00+00:00,1422.496913755465
2025-03-28 04:40:00+00:00,1429.5959092310952
2025-03-28 05:05:00+00:00,1470.7867483165398
2025-04-01 08:40:00+00:00,1387.6163674648667
2025-04-01 12:50:00+00:00,1367.0960815722792
2025-04-02 06:15:00+00:00,1342.5434134341033
2025-04-02 08:10:00+00:00,1311.4235346424095
2025-04-02 21:05:00+00:00,1290.5975819082187
2025-04-02 22:15:00+00:00,1300.8055421096003
2025-04-02 22:30:00+00:00,1332.360071080785
2025-04-03 07:10:00+00:00,1352.639144316354
2025-04-03 11:00:00+00:00,1322.176056113928
2025-04-03 14:35:00+00:00,1377.3247401963079
2025-04-04 12:45:00+00:00,1362.93601716486
2025-04-05 02:55:00+00:00,1280.4042311427254
2025-04-06 05:25:00+00:00,1260.0025407609824
2025-04-06 11:10:00+00:00,1249.5980772550927
2025-04-06 21:30:00+00:00,1270.2653659379691
2025-04-09 21:00:00+00:00,1241.1625719150936
2025-04-10 00:50:00+00:00,1231.0462110835765
2025-04-10 11:15:00+00:00,1220.8697311480482
2025-04-10 15:05:00+00:00,1210.177772201141
2025-04-10 17:00:00+00:00,1270.1481915972238
2025-04-11 01:25:00+00:00,1290.4649144215773
2025-04-11 05:20:00+00:00,1280.3573592197574
2025-04-11 07:15:00+00:00,1250.595977766401
2025-04-12 12:05:00+00:00,1390.234586905569
2025-04-12 17:40:00+00:00,1251.298003628128
2025-04-12 19:25:00+00:00,1379.828431925661
2025-04-13 01:05:00+00:00,1427.7654305864028
2025-04-13 01:45:00+00:00,1438.811296083255
2025-04-13 05:25:00+00:00,1417.548189779592
2025-04-13 09:20:00+00:00,1210.7021655421377
2025-04-13 15:10:00+00:00,1311.2695734157937
2025-04-13 19:35:00+00:00,1419.5655995161255
2025-04-13 19:45:00+00:00,1428.7322730228298
2025-04-13 20:20:00+00:00,1276.2302214874612
2025-04-13 21:05:00+00:00,1448.312441633988
2025-04-13 21:05:00+00:00,1418.5494388985542
2025-04-13 23:15:00+00:00,1407.3427697486247
2025-04-14 00:00:00+00:00,1350.4227954087398
2025-04-14 00:05:00+00:00,1270.5586083204767
2025-04-14 00:35:00+00:00,1274.2481148890986
2025-04-14 05:40:00+00:00,1387.0572426430185
2025-04-14 08:20:00+00:00,1273.1372726725197
2025-04-14 08:50:00+00:00,1458.4211534379922
2025-04-14 09:40:00+00:00,1271.4217317142454
2025-04-14 13:30:00+00:00,1385.4160365650491
2025-04-14 15:35:00+00:00,1437.9505470608542
2025-04-14 21:15:00+00:00,1409.2367867210805
2025-04-15 06:25:00+00:00,1448.9590046113392
2025-04-15 12:15:00+00:00,1397.2400909714731
2025-04-15 12:40:00+00:00,1376.2893661789901
2025-04-16 21:10:00+00:00,1395.6706062048172
2025-04-19 06:10:00+00:00,1422.0747102055593
2025-04-19 15:00:00+00:00,1413.354919218116
2025-04-19 20:50:00+00:00,1420.0807838877436
2025-04-20 05:35:00+00:00,1438.3128189192419
2025-04-20 06:35:00+00:00,1445.8014177676664
2025-04-20 07:00:00+00:00,1395.8250249715027
2025-04-20 08:55:00+00:00,1416.9770892654583
2025-04-20 08:55:00+00:00,1448.2763984244766
2025-04-20 09:05:00+00:00,1440.5801034428544
2025-04-20 10:00:00+00:00,1421.7140271802905
2025-04-20 10:20:00+00:00,1406.2935748140953
2025-04-20 10:45:00+00:00,1427.712723316738
2025-04-20 10:55:00+00:00,1430.2981966679565
2025-04-20 14:35:00+00:00,1458.7759579627145
2025-04-21 03:20:00+00:00,1375.0312660826833
2025-04-21 05:40:00+00:00,1385.5159979232133
2025-04-21 13:00:00+00:00,1423.155666252907
2025-04-21 13:25:00+00:00,1454.3597243278919
2025-04-21 16:25:00+00:00,1443.8704602036858
2025-04-21 17:00:00+00:00,1492.2258572237108
2025-04-21 17:50:00+00:00,1397.0299208233362
2025-04-21 18:10:00+00:00,1433.6285378029286
2025-04-21 21:50:00+00:00,1406.1382150844422
2025-04-22 00:05:00+00:00,1451.1281074366766
2025-04-22 01:15:00+00:00,1423.826062019179
2025-04-22 01:30:00+00:00,1433.3158454982631
2025-04-22 04:05:00+00:00,1435.2671710186335
2025-04-22 04:05:00+00:00,1432.2166791559537
2025-04-22 06:40:00+00:00,1432.2881847004214
2025-04-22 07:45:00+00:00,1414.721521234942
2025-04-22 16:55:00+00:00,1418.9090652762359
2025-04-22 21:45:00+00:00,1590.5010127692099
2025-04-22 22:55:00+00:00,1448.6709123154403
2025-04-22 23:10:00+00:00,1502.6126902516178
2025-04-22 23:25:00+00:00,1670.0090720498406
2025-04-22 23:40:00+00:00,1462.73717705867
2025-04-23 02:45:00+00:00,1749.183883417071
2025-04-23 03:15:00+00:00,2317.0302095925385
2025-04-23 03:20:00+00:00,2228.778910251771
2025-04-23 03:30:00+00:00,1868.0007871316109
2025-04-23 04:05:00+00:00,2130.1427194751363
2025-04-23 06:40:00+00:00,2401.4958894648685
2025-04-23 09:10:00+00:00,1709.5615666770968
2025-04-23 09:30:00+00:00,2494.6520470662335
2025-04-23 09:55:00+00:00,1551.478357803462
2025-04-23 11:15:00+00:00,2050.614822558046
2025-04-23 12:30:00+00:00,2090.4190702448045
2025-04-23 12:50:00+00:00,1630.2462773796153
2025-04-23 13:10:00+00:00,2356.7865975096324
2025-04-23 15:00:00+00:00,2463.5194315906315
2025-04-23 15:10:00+00:00,2484.437392959631
2025-04-23 15:15:00+00:00,2452.5189482381315
2025-04-23 15:15:00+00:00,2422.0076318265897
2025-04-23 15:15:00+00:00,2473.9263197831656
2025-04-23 15:20:00+00:00,2359.2723125577886
2025-04-23 15:25:00+00:00,2470.186464992907
2025-04-23 16:00:00+00:00,2188.9538696405666
2025-04-23 16:20:00+00:00,2442.394308896395
2025-04-23 17:10:00+00:00,2503.412317008762
2025-04-23 20:20:00+00:00,2398.9511990811034
2025-04-24 00:20:00+00:00,1828.277785694524
2025-04-24 01:05:00+00:00,2480.6185009150267
2025-04-24 01:10:00+00:00,2357.167767570045
2025-04-24 02:45:00+00:00,2377.5960733147776
2025-04-24 03:00:00+00:00,2432.245800510667
2025-04-24 03:30:00+00:00,2346.5799565141856
2025-04-24 03:35:00+00:00,2566.2821647887895
2025-04-24 03:35:00+00:00,2237.6194971777163
2025-04-24 03:35:00+00:00,2247.7679435142627
2025-04-24 03:40:00+00:00,2552.982042440452
2025-04-24 03:40:00+00:00,2576.739855490758
2025-04-24 03:50:00+00:00,2460.0119597817325
2025-04-24 03:55:00+00:00,2536.8836766443637
2025-04-24 03:55:00+00:00,2433.0427957831944
2025-04-24 04:00:00+00:00,2218.4411218399637
2025-04-24 08:25:00+00:00,2563.437682384762
2025-04-24 08:30:00+00:00,1937.0109528894836
2025-04-24 08:30:00+00:00,2367.392827657458
2025-04-24 08:30:00+00:00,2411.619039578018
2025-04-24 08:30:00+00:00,2772.9932837604424
2025-04-24 08:30:00+00:00,2011.0296049842711
2025-04-24 08:45:00+00:00,2443.466849852282
2025-04-24 08:45:00+00:00,2159.4409383811167
2025-04-24 12:10:00+00:00,2543.20028598014
2025-04-24 12:45:00+00:00,2902.918379081471
2025-04-24 14:35:00+00:00,1947.133396353475
2025-04-24 16:50:00+00:00,2556.136935521725
2025-04-24 17:45:00+00:00,3145.1695683848116
2025-04-24 23:15:00+00:00,3078.65147582712
2025-04-25 00:05:00+00:00,3184.8924677009854
2025-04-25 00:40:00+00:00,3155.6371716914746
2025-04-25 01:10:00+00:00,1788.736607667019
2025-04-25 05:55:00+00:00,2441.0168204843458
2025-04-25 06:50:00+00:00,1907.5466307315721
2025-04-25 06:55:00+00:00,3040.686652282809
2025-04-25 07:30:00+00:00,2277.1844397359846
2025-04-25 07:50:00+00:00,3230.270536218639
2025-04-25 08:05:00+00:00,1511.6744130360132
2025-04-25 08:45:00+00:00,2258.2570071834057
2025-04-25 09:15:00+00:00,2199.084412560248
2025-04-25 09:30:00+00:00,2169.806298235387
2025-04-25 09:30:00+00:00,2942.6540068170148
2025-04-25 09:45:00+00:00,2999.977901195379
2025-04-25 09:50:00+00:00,2592.7931048158835
2025-04-25 11:30:00+00:00,2863.3364734331035
2025-04-25 12:50:00+00:00,1976.891491233493
2025-04-25 17:00:00+00:00,2005.6354452489131
2025-04-25 18:30:00+00:00,2021.3212836676346
2025-04-26 00:25:00+00:00,2387.9515162153484
2025-04-26 00:45:00+00:00,2743.5882816063436
2025-04-26 01:30:00+00:00,2823.626665257583
2025-04-26 01:50:00+00:00,2369.5613226767655
2025-04-26 02:30:00+00:00,2425.1782540256613
2025-04-26 02:40:00+00:00,2632.6511591925455
2025-04-26 02:40:00+00:00,2453.7922153440322
2025-04-26 03:25:00+00:00,2462.641653572389
2025-04-26 03:50:00+00:00,2783.328816955866
2025-04-26 06:35:00+00:00,2703.9598989196725
2025-04-26 06:55:00+00:00,3088.797851748005
2025-04-26 07:10:00+00:00,3309.6876626657518
2025-04-26 07:25:00+00:00,2504.9103654956452
2025-04-26 07:25:00+00:00,2488.2949262628617
2025-04-26 17:30:00+00:00,3269.9798737291258
2025-04-26 20:45:00+00:00,2547.1402764424374
2025-04-27 00:30:00+00:00,2573.6036307501477
2025-04-27 03:00:00+00:00,2645.7837762818413
2025-04-27 03:30:00+00:00,2664.3466919011976
2025-04-27 05:10:00+00:00,2783.841328606344
2025-04-27 08:35:00+00:00,2960.202420906414
2025-04-27 09:45:00+00:00,2994.941242068082
2025-04-27 10:05:00+00:00,3001.149887858767
2025-04-27 13:25:00+00:00,3049.2571215103617
2025-04-27 14:00:00+00:00,3083.642702434606
2025-04-27 14:05:00+00:00,3098.5291035949613
2025-04-27 14:45:00+00:00,3102.7590220734596
2025-04-27 14:45:00+00:00,3115.828311271489
2025-04-27 15:10:00+00:00,3190.46496113582
2025-05-01 12:55:00+00:00,3272.049905988914
2025-05-01 13:50:00+00:00,3281.5990587535653
2025-05-01 16:15:00+00:00,3312.191949860318
2025-05-01 16:25:00+00:00,3253.461054665925
2025-05-01 20:00:00+00:00,3272.501371070737
2025-05-01 21:25:00+00:00,3203.030913786698
2025-05-01 21:25:00+00:00,3281.5142922217187
2025-05-02 02:15:00+00:00,3151.7315743505465
2025-05-02 02:30:00+00:00,3131.190790194573
2025-05-02 04:05:00+00:00,3260.9089939920973
2025-05-02 04:50:00+00:00,3172.1169316069368
2025-05-02 05:45:00+00:00,3252.2666676684503
2025-05-02 05:55:00+00:00,3250.6973597078168
2025-05-02 06:35:00+00:00,3232.709333578772
2025-05-02 07:05:00+00:00,3242.8890819554435
2025-05-02 16:55:00+00:00,3262.378245917394
2025-05-02 17:00:00+00:00,3242.1119580711047
2025-05-02 19:05:00+00:00,3223.64619482014
2025-05-02 19:10:00+00:00,3040.332319253035
2025-05-02 23:00:00+00:00,3030.158002947878
2025-05-03 00:45:00+00:00,3060.9520988478453
2025-05-03 01:10:00+00:00,3292.70365298851
2025-05-03 01:40:00+00:00,3009.1588899877347
2025-05-03 01:40:00+00:00,3213.418722491309
2025-05-03 06:55:00+00:00,3263.6001671845224
2025-05-03 07:00:00+00:00,3192.6366857809503
2025-05-03 07:20:00+00:00,3101.855492935838
2025-05-03 08:15:00+00:00,3019.7881301352177
2025-05-03 09:45:00+00:00,3282.2803659321494
2025-05-03 10:05:00+00:00,3301.9053350627846
2025-05-03 10:10:00+00:00,3271.1630711191956
2025-05-03 10:10:00+00:00,3291.721227367389
2025-05-03 10:10:00+00:00,3271.34232187508
2025-05-03 10:30:00+00:00,3091.5560244868243
2025-05-03 10:55:00+00:00,3141.56044664141
2025-05-03 11:00:00+00:00,3016.8126225208225
2025-05-03 11:40:00+00:00,3233.776863033932
2025-05-03 14:05:00+00:00,3006.584805304216
2025-05-03 16:35:00+00:00,3081.2633238115272
2025-05-03 16:40:00+00:00,3050.715510307922
2025-05-03 16:40:00+00:00,2999.0737956913176
2025-05-03 17:05:00+00:00,3122.1362777184604
2025-05-03 17:05:00+00:00,3161.877253272848
2025-05-03 17:05:00+00:00,3182.375505713764
2025-05-03 17:05:00+00:00,2997.914423289983
2025-05-03 17:05:00+00:00,3008.1447908198957
2025-05-03 17:15:00+00:00,3018.4136901783895
2025-05-03 19:55:00+00:00,3028.7731052774343
2025-05-04 00:45:00+00:00,2987.743838695783
2025-05-04 01:55:00+00:00,3027.286309259407
2025-05-04 03:05:00+00:00,3112.0324876093605
2025-05-04 05:50:00+00:00,2988.9461156276498
2025-05-04 09:05:00+00:00,3303.3695225518118
2025-05-04 09:30:00+00:00,3272.466812425857
2025-05-04 11:25:00+00:00,3265.5169003814963
2025-05-04 11:35:00+00:00,3267.7895540857126
2025-05-04 12:05:00+00:00,3273.791467484805
2025-05-04 17:15:00+00:00,3071.135501341213
2025-05-04 17:45:00+00:00,3244.2910188642254
2025-05-05 02:15:00+00:00,3132.327489376
2025-05-07 12:20:00+00:00,3046.3904525047215
2025-05-08 09:55:00+00:00,3075.913538353737
2025-05-08 16:15:00+00:00,3248.8878203729755
2025-05-08 18:00:00+00:00,3169.512868314743
2025-05-08 20:50:00+00:00,3407.7362333759384
2025-05-08 22:25:00+00:00,3912.205071525288
2025-05-09 03:50:00+00:00,3209.1095890269617
2025-05-09 07:00:00+00:00,3368.017697051749
2025-05-09 07:05:00+00:00,3883.014307583487
2025-05-09 07:50:00+00:00,4700.436399139929
2025-05-09 08:05:00+00:00,3724.6512312197397
2025-05-09 08:25:00+00:00,3288.508343245485
2025-05-09 08:25:00+00:00,3922.6121307007243
2025-05-09 08:40:00+00:00,4738.1045060554725
2025-05-09 08:40:00+00:00,4727.725688964656
2025-05-09 08:40:00+00:00,4710.623245822659
2025-05-09 08:40:00+00:00,4689.8920062499255
2025-05-09 08:40:00+00:00,4641.516457958103
2025-05-09 08:55:00+00:00,4679.489204998367
2025-05-09 09:15:00+00:00,4748.3168168180655
2025-05-09 11:25:00+00:00,4975.982785905445
2025-05-09 11:45:00+00:00,3486.46385508494
2025-05-09 11:55:00+00:00,3645.087073248049
2025-05-09 13:55:00+00:00,4310.7768716857945
2025-05-09 15:50:00+00:00,4350.518872422777
2025-05-09 16:50:00+00:00,5154.268743246203
2025-05-09 17:00:00+00:00,4717.523837929983
2025-05-09 17:15:00+00:00,3803.5968723167452
2025-05-09 18:05:00+00:00,3605.2941277045784
2025-05-09 18:30:00+00:00,3843.287551582336
2025-05-09 19:45:00+00:00,5124.588222556924
2025-05-09 21:10:00+00:00,3764.0764772372336
2025-05-09 23:20:00+00:00,3525.977247903097
2025-05-09 23:45:00+00:00,4822.368086638543
2025-05-10 00:00:00+00:00,4205.015478909756
2025-05-10 00:00:00+00:00,4070.5717006703394
2025-05-10 00:05:00+00:00,4417.47737505731
2025-05-10 00:15:00+00:00,3165.5851889018713
2025-05-10 00:15:00+00:00,4125.924008896217
2025-05-10 00:15:00+00:00,3991.4323069600164
2025-05-10 00:15:00+00:00,4271.081717717016
2025-05-10 00:15:00+00:00,3447.4849651626714
2025-05-10 00:15:00+00:00,3565.7253297056095
2025-05-10 00:35:00+00:00,5385.090333669794
2025-05-10 01:50:00+00:00,5540.958265081941
2025-05-10 04:55:00+00:00,5633.997854455244
2025-05-10 06:45:00+00:00,4720.801967344018
2025-05-10 08:05:00+00:00,5055.33808884984
2025-05-10 08:25:00+00:00,4758.845602872271
2025-05-10 10:35:00+00:00,5199.730946579526
2025-05-10 11:40:00+00:00,5531.659704112023
2025-05-10 13:00:00+00:00,3036.0974012618917
2025-05-10 14:05:00+00:00,5636.826863116559
2025-05-10 16:15:00+00:00,5260.426100897665
2025-05-10 17:10:00+00:00,4457.110311592111
2025-05-10 18:50:00+00:00,3328.305386278242
2025-05-10 21:20:00+00:00,4719.028170597774
2025-05-10 21:45:00+00:00,4165.379006918652
2025-05-10 22:05:00+00:00,3101.0858155717387
2025-05-10 22:35:00+00:00,3951.830540997897
2025-05-10 22:35:00+00:00,4681.069848838863
2025-05-10 22:55:00+00:00,4030.9227407028175
2025-05-10 23:00:00+00:00,5015.705899664233
2025-05-10 23:10:00+00:00,5094.952793687234
2025-05-10 23:35:00+00:00,4536.45743485195
2025-05-11 00:00:00+00:00,5591.199302719155
2025-05-11 00:25:00+00:00,5721.141159030002
2025-05-11 00:25:00+00:00,5731.378439915718
2025-05-11 00:55:00+00:00,5541.968469270784
2025-05-11 01:10:00+00:00,4757.16899747984
2025-05-11 02:35:00+00:00,4496.833421233388
2025-05-11 02:50:00+00:00,5741.735554351243
2025-05-11 03:25:00+00:00,5751.9835496899605
2025-05-11 03:50:00+00:00,3684.821130976598
2025-05-11 04:00:00+00:00,3125.8685627921095
2025-05-11 04:55:00+00:00,5345.300634320501
2025-05-11 06:00:00+00:00,5669.3550750114555
2025-05-11 06:35:00+00:00,3179.597800580427
2025-05-11 07:05:00+00:00,5710.838745764535
2025-05-11 07:30:00+00:00,5679.659015176695
2025-05-11 07:30:00+00:00,5728.454451424022
2025-05-11 07:40:00+00:00,5659.068896841506
2025-05-11 07:40:00+00:00,5700.577023312761
2025-05-11 07:40:00+00:00,5687.624924546138
2025-05-11 08:00:00+00:00,5148.905755930273
2025-05-11 13:55:00+00:00,5729.343685409498
2025-05-11 14:20:00+00:00,5719.089131104577
2025-05-11 16:05:00+00:00,5679.844099885299
2025-05-11 16:05:00+00:00,5747.793210500481
2025-05-11 23:30:00+00:00,5134.812752568155
2025-05-12 02:00:00+00:00,4576.290463461224
2025-05-12 02:40:00+00:00,4886.241096907124
2025-05-12 02:50:00+00:00,4086.2452743053373
2025-05-12 03:30:00+00:00,4231.532365199835
2025-05-12 04:00:00+00:00,4377.854005273481
2025-05-12 04:05:00+00:00,4616.0218990212325
2025-05-12 04:30:00+00:00,5698.877029296625
2025-05-12 07:10:00+00:00,5818.0894958586505
2025-05-12 07:10:00+00:00,4651.840958394686
2025-05-12 07:10:00+00:00,5727.417816944449
2025-05-12 08:40:00+00:00,5746.126845022796
2025-05-12 08:45:00+00:00,4782.5578692022855
2025-05-12 08:55:00+00:00,4926.001207407524
2025-05-12 09:00:00+00:00,4846.367221464724
2025-05-12 09:00:00+00:00,5748.845182082698
2025-05-12 09:20:00+00:00,5164.432332741574
2025-05-12 09:20:00+00:00,4986.078276484087
2025-05-12 10:25:00+00:00,4946.338456081495
2025-05-12 10:40:00+00:00,5305.557571032593
2025-05-12 11:00:00+00:00,5492.454426641011
2025-05-12 11:45:00+00:00,5424.9361383879805
2025-05-12 16:30:00+00:00,5159.293908393456
2025-05-12 18:05:00+00:00,5689.79482424366
2025-05-12 18:05:00+00:00,5159.946859696657
2025-05-12 18:25:00+00:00,5690.188644728467
2025-05-12 18:30:00+00:00,5709.01101735422
2025-05-12 18:30:00+00:00,5717.638049214012
2025-05-12 18:45:00+00:00,5727.529335881452
2025-05-12 18:45:00+00:00,5727.899486295095
2025-05-12 18:45:00+00:00,5738.6033290022815
2025-05-12 20:05:00+00:00,5778.293405117518
2025-05-12 21:00:00+00:00,5211.06647057868
2025-05-12 22:10:00+00:00,5220.689842000091
2025-05-12 22:50:00+00:00,5265.987741209626
2025-05-13 00:00:00+00:00,5439.095546956962
2025-05-13 00:00:00+00:00,5452.677773825943
2025-05-13 00:00:00+00:00,5630.874165204637
2025-05-13 00:15:00+00:00,5491.180110032512
2025-05-13 00:15:00+00:00,5502.3598297841545
2025-05-13 00:20:00+00:00,5536.967335276503
2025-05-13 00:25:00+00:00,5551.181009665237
2025-05-13 00:45:00+00:00,5552.491951498867
2025-05-13 00:45:00+00:00,5551.535917788637
2025-05-13 01:00:00+00:00,5644.130809175039
2025-05-13 01:45:00+00:00,5635.777281685156
2025-05-13 02:05:00+00:00,5745.215430955699
2025-05-13 02:15:00+00:00,5755.3824581797
2025-05-13 02:20:00+00:00,5646.937180177703
2025-05-13 02:20:00+00:00,5717.168162681838
2025-05-13 02:20:00+00:00,5707.317265721201
2025-05-13 03:20:00+00:00,5706.842421801685
2025-05-13 03:50:00+00:00,5737.667832105837
2025-05-13 05:45:00+00:00,5676.657994766983
2025-05-13 07:25:00+00:00,5738.73888819195
2025-05-13 08:50:00+00:00,5645.949798021285
2025-05-13 11:00:00+00:00,5643.3410209784215
2025-05-13 11:10:00+00:00,5657.134146425249
2025-05-13 15:15:00+00:00,5677.609205201467
2025-05-13 15:20:00+00:00,5697.974903811442
2025-05-13 23:05:00+00:00,5762.369955617033
2025-05-14 00:30:00+00:00,5700.027930566708
2025-05-14 07:05:00+00:00,5738.1972908486605
2025-05-14 07:45:00+00:00,5735.240213231391
2025-05-14 07:45:00+00:00,5723.2419511084345
2025-05-14 08:00:00+00:00,5765.566368347976
2025-05-14 09:45:00+00:00,5757.944682869776
2025-05-14 12:25:00+00:00,5739.615778993595
2025-05-20 00:40:00+00:00,5797.135275848949
2025-05-20 13:30:00+00:00,5807.308590146163
2025-05-21 02:00:00+00:00,5822.026950318159
2025-05-21 10:50:00+00:00,5820.317469296732
2025-05-22 10:25:00+00:00,5900.498997475264
2025-05-22 11:05:00+00:00,5939.114114431333
2025-05-22 12:45:00+00:00,5908.002966801524
2025-05-22 15:05:00+00:00,5870.9178999841715
2025-05-22 15:20:00+00:00,5940.171884608439
2025-05-22 15:45:00+00:00,5979.8919038597705
2025-05-22 16:20:00+00:00,5831.156495211902
2025-05-22 20:00:00+00:00,5885.7978561690325
2025-05-23 00:45:00+00:00,5818.969834889856
2025-05-23 02:00:00+00:00,5830.516930901258
2025-05-23 03:30:00+00:00,5864.309122368469
2025-05-23 04:30:00+00:00,5875.517131443174
2025-05-23 06:10:00+00:00,5843.674770521318
2025-05-23 06:20:00+00:00,5959.54757503368
2025-05-23 06:25:00+00:00,5854.15059064206
2025-05-23 07:45:00+00:00,5823.261537261353
2025-05-23 11:45:00+00:00,5771.895147419051
2025-05-23 11:45:00+00:00,5895.936028924995
2025-05-23 11:45:00+00:00,5874.495024453646
2025-05-23 11:45:00+00:00,5811.822509630824
2025-05-23 11:45:00+00:00,5833.474603613899
2025-05-23 11:50:00+00:00,5884.759727333516
2025-05-23 11:50:00+00:00,5812.986972831134
2025-05-23 11:50:00+00:00,5802.860330274803
2025-05-23 11:50:00+00:00,5782.276281417783
2025-05-23 11:50:00+00:00,5895.03812114327
2025-05-23 11:50:00+00:00,5792.5322263321905
2025-05-23 11:50:00+00:00,5906.220334353912
2025-05-23 11:50:00+00:00,5949.314714435115
2025-05-23 11:55:00+00:00,5865.300161289682
2025-05-23 12:00:00+00:00,5791.419771952841
2025-05-23 12:15:00+00:00,5801.60134803568
2025-05-23 12:15:00+00:00,5918.591655230729
2025-05-23 12:15:00+00:00,5860.640074998887
2025-05-23 19:45:00+00:00,5832.59874218551
2025-05-23 23:40:00+00:00,5761.711513975369
2025-05-24 10:05:00+00:00,5916.399682234371
2025-05-24 16:45:00+00:00,5905.182984207302
2025-05-24 21:20:00+00:00,5928.7748438988565
2025-05-25 00:55:00+00:00,5969.720235701994
2025-05-25 14:20:00+00:00,5926.562171667032
2025-05-27 10:00:00+00:00,5741.34099547623
2025-05-27 16:45:00+00:00,5842.923359477336
2025-05-27 21:10:00+00:00,5822.504826424406
2025-05-27 23:30:00+00:00,5803.179131000253
2025-05-28 01:50:00+00:00,5802.018654383486
2025-05-28 04:15:00+00:00,5841.464886327325
2025-05-28 05:50:00+00:00,5794.860939354982
2025-05-28 09:25:00+00:00,5831.1275956971485
2025-05-28 12:45:00+00:00,5832.754663158522
2025-05-28 13:00:00+00:00,5850.435490163996
2025-05-28 17:40:00+00:00,5812.280433799904
2025-05-28 18:20:00+00:00,5814.147928468676
2025-05-28 19:10:00+00:00,5824.31805275347
2025-05-28 22:55:00+00:00,5751.426659395925
2025-05-29 08:15:00+00:00,5870.90025680404
2025-05-29 12:40:00+00:00,5929.932223243764
2025-05-29 13:35:00+00:00,5784.574718523849
2025-05-29 14:20:00+00:00,5899.061025120063
2025-05-29 15:40:00+00:00,5897.824002556199
2025-05-29 16:00:00+00:00,5755.253013358252
2025-05-29 17:25:00+00:00,5879.781467904778
2025-05-29 18:55:00+00:00,5887.5787861390245
2025-05-29 19:40:00+00:00,5878.641733057231
2025-05-29 23:15:00+00:00,5919.769363563841
2025-05-30 00:40:00+00:00,5917.170494747978
2025-05-30 00:50:00+00:00,5877.346369153275
2025-05-30 00:55:00+00:00,5909.446738270894
2025-05-30 01:00:00+00:00,5918.31808714774
2025-05-30 02:05:00+00:00,5940.370454537779
2025-05-30 02:45:00+00:00,5890.119731093426
2025-05-30 06:05:00+00:00,5888.912008466938
2025-05-30 08:20:00+00:00,5908.065967718146
2025-05-30 16:00:00+00:00,5860.688533961442
2025-05-31 21:50:00+00:00,5900.542055898838
2025-06-03 11:15:00+00:00,5873.186427230977
2025-06-03 12:05:00+00:00,5905.246248022232
2025-06-03 13:45:00+00:00,5893.556672052866
2025-06-03 14:35:00+00:00,5852.9283636681475
2025-06-03 18:15:00+00:00,5832.572948843656
2025-06-03 20:15:00+00:00,5822.295222596512
2025-06-04 00:25:00+00:00,5842.711946137594
2025-06-04 05:35:00+00:00,5850.02568269606
2025-06-04 16:00:00+00:00,5819.222074674184
2025-06-04 16:45:00+00:00,5798.877523218582
2025-06-04 19:00:00+00:00,5829.416985480894
2025-06-05 03:45:00+00:00,5883.450850237663
2025-06-05 04:20:00+00:00,5788.698399349535
2025-06-05 06:50:00+00:00,5809.063358446343
2025-06-05 10:30:00+00:00,5863.116814082024
2025-06-05 13:00:00+00:00,5773.924158616992
2025-06-05 14:05:00+00:00,5786.037071035133
2025-06-06 14:30:00+00:00,5862.020674340808
2025-06-06 17:40:00+00:00,5839.824621987901
2025-06-08 06:30:00+00:00,5788.694900969932
2025-06-08 08:50:00+00:00,5798.261075050268
2025-06-08 09:50:00+00:00,5771.666820554483
2025-06-08 10:10:00+00:00,5778.4561983695
2025-06-09 04:30:00+00:00,5757.736494112926
2025-06-09 13:45:00+00:00,5767.986807941178
2025-06-09 23:10:00+00:00,5731.8617475269375
2025-06-10 05:00:00+00:00,5761.018168842122
2025-06-10 07:10:00+00:00,5730.331870456417
2025-06-10 11:30:00+00:00,5771.4055582072715
2025-06-10 13:45:00+00:00,5752.5886738023855
2025-06-10 18:25:00+00:00,5798.99154197807
2025-06-10 21:15:00+00:00,5668.81296600419
2025-06-11 09:05:00+00:00,5658.604252583178
2025-06-11 11:45:00+00:00,5638.232898404501
2025-06-11 15:20:00+00:00,5677.985538619855
2025-06-11 18:05:00+00:00,5616.101375567475
2025-06-11 20:05:00+00:00,5647.165445667894
2025-06-11 22:25:00+00:00,5636.480853964763
2025-06-11 23:15:00+00:00,5699.5483454081
2025-06-12 01:30:00+00:00,5626.274516634847
2025-06-12 03:20:00+00:00,5742.171252058665
2025-06-12 07:40:00+00:00,5657.318919073853
2025-06-12 08:50:00+00:00,5762.727209757941
2025-06-12 09:00:00+00:00,5648.420035308233
2025-06-12 20:25:00+00:00,5689.341948480495
2025-06-12 20:35:00+00:00,5605.931147097817
2025-06-13 00:20:00+00:00,5679.256411351746
2025-06-13 00:25:00+00:00,5740.438577850669
2025-06-13 00:30:00+00:00,5709.821128677712
2025-06-13 00:35:00+00:00,5750.795817240936
2025-06-13 01:05:00+00:00,5720.095271540557
2025-06-13 01:30:00+00:00,5667.839410574187
2025-06-13 15:00:00+00:00,5689.44143283096
2025-06-16 03:15:00+00:00,5594.024188300929
2025-06-16 04:10:00+00:00,5581.918055347164
2025-06-16 10:40:00+00:00,5571.665264260525
2025-06-16 22:35:00+00:00,5499.600982111011
2025-06-16 22:35:00+00:00,5520.340276123535
2025-06-16 22:40:00+00:00,5541.209837554009
2025-06-16 22:40:00+00:00,5509.912144932308
2025-06-16 22:45:00+00:00,5530.947720374415
2025-06-16 22:50:00+00:00,5561.764317311885
2025-06-17 11:25:00+00:00,5551.535367217397
2025-06-17 14:45:00+00:00,5515.368719199383
2025-06-18 13:25:00+00:00,5505.022667422356
2025-06-19 01:15:00+00:00,5571.998054642688
2025-06-19 15:05:00+00:00,5484.597723249826
2025-06-19 22:50:00+00:00,5499.583134192277
2025-06-20 00:00:00+00:00,5525.6030534322335
2025-06-20 01:30:00+00:00,5503.947652516308
2025-06-20 03:40:00+00:00,5474.394988480606
2025-06-20 05:25:00+00:00,5493.774670518826
2025-06-20 07:00:00+00:00,5483.560721607481
2025-06-20 17:15:00+00:00,5452.970340515905
2025-06-20 17:40:00+00:00,5463.160790475107
2025-06-20 22:40:00+00:00,5442.489846129144
2025-06-21 02:20:00+00:00,5494.834137317031
2025-06-21 13:10:00+00:00,5514.0293768127995
2025-06-22 09:35:00+00:00,5473.338762343098
2025-06-24 01:05:00+00:00,5482.258918100627
2025-06-24 20:25:00+00:00,5522.075815274761
2025-06-26 02:15:00+00:00,5567.517022170027
2025-06-26 07:00:00+00:00,5552.578185454117
2025-06-26 10:20:00+00:00,5577.679397268835
2025-06-26 13:10:00+00:00,5542.136843912285
2025-06-26 23:45:00+00:00,5557.317015190007
2025-06-27 12:10:00+00:00,5561.854628392572
2025-06-27 13:45:00+00:00,5582.4594827565015
2025-06-27 16:10:00+00:00,5540.728512022825
2025-06-28 00:05:00+00:00,5572.353815985344
2025-06-28 09:30:00+00:00,5538.046806860688
2025-06-29 00:50:00+00:00,5562.794528636877
2025-06-29 07:10:00+00:00,5592.6280001401165
2025-06-29 18:30:00+00:00,5552.834160206942
2025-06-30 05:30:00+00:00,5541.136437963584
2025-06-30 12:45:00+00:00,5570.794694968894
2025-06-30 16:45:00+00:00,5580.939702290264
2025-06-30 17:25:00+00:00,5610.485557080749
2025-06-30 21:10:00+00:00,5551.743581301824
2025-06-30 22:45:00+00:00,5645.809032165228
2025-07-01 09:10:00+00:00,5625.121129187048
2025-07-01 12:35:00+00:00,5635.455668559014
2025-07-02 08:45:00+00:00,5650.253125789663
2025-07-02 20:45:00+00:00,5614.863859318914
2025-07-03 00:50:00+00:00,5623.970154500434
2025-07-03 09:00:00+00:00,5657.083732780917
2025-07-03 11:10:00+00:00,5666.94514224655
2025-07-03 12:35:00+00:00,5659.21830978998
2025-07-03 15:30:00+00:00,5607.284183776246
2025-07-03 16:50:00+00:00,5655.992499280378
2025-07-03 17:00:00+00:00,5645.785416119152
2025-07-03 19:00:00+00:00,5678.513984044806
2025-07-04 00:25:00+00:00,5635.625332223219
2025-07-04 02:45:00+00:00,5647.5769944345875
2025-07-04 04:35:00+00:00,5626.996560353771
2025-07-04 04:35:00+00:00,5597.107504131115
2025-07-04 06:00:00+00:00,5596.01643178517
2025-07-04 06:05:00+00:00,5657.9040148554
2025-07-04 06:10:00+00:00,5554.643568807494
2025-07-04 06:45:00+00:00,5616.676825511921
2025-07-04 07:10:00+00:00,5637.341713506026
2025-07-04 07:10:00+00:00,5565.122019260593
2025-07-04 08:05:00+00:00,5604.702165465409
2025-07-04 09:20:00+00:00,5585.8691417436
2025-07-04 13:50:00+00:00,5667.263687348855
2025-07-04 15:15:00+00:00,5606.465285324909
2025-07-04 16:15:00+00:00,5665.229052246276
2025-07-05 14:00:00+00:00,5575.739216834077
2025-07-05 18:25:00+00:00,5634.054225457007
2025-07-05 21:15:00+00:00,5617.5471164362625
2025-07-06 04:00:00+00:00,5638.8900169220005
2025-07-06 04:00:00+00:00,5599.1398619032
2025-07-06 05:40:00+00:00,5669.813139690017
2025-07-06 09:30:00+00:00,5677.3607375717065
2025-07-06 11:55:00+00:00,5664.329888963981
2025-07-06 12:30:00+00:00,5656.146968472289
2025-07-06 13:25:00+00:00,5675.423023202319
2025-07-06 20:05:00+00:00,5668.33630769421
2025-07-07 00:15:00+00:00,5523.899116324029
2025-07-07 00:35:00+00:00,5544.400886954659
2025-07-07 18:15:00+00:00,5513.264059421866
2025-07-08 01:30:00+00:00,5534.151573430178
2025-07-08 09:50:00+00:00,5502.952479563894
2025-07-09 05:55:00+00:00,5584.509111245869
2025-07-09 11:50:00+00:00,5594.731530827292
2025-07-09 12:05:00+00:00,5839.369532957259
2025-07-09 14:30:00+00:00,5868.038496239481
2025-07-09 18:25:00+00:00,5849.792111133003
2025-07-09 20:00:00+00:00,6264.877428086743
2025-07-10 04:05:00+00:00,6846.017659758526
2025-07-10 05:45:00+00:00,5623.894395059678
2025-07-10 07:05:00+00:00,5878.615981957097
2025-07-10 10:10:00+00:00,6727.35602602746
2025-07-10 11:45:00+00:00,5860.098290092974
2025-07-10 11:50:00+00:00,5781.562374467435
2025-07-10 12:20:00+00:00,7032.923657830461
2025-07-10 15:30:00+00:00,5532.052295824362
2025-07-10 16:50:00+00:00,7549.500078508558
2025-07-10 17:30:00+00:00,5542.524799159148
2025-07-10 19:00:00+00:00,7917.6391130527345
2025-07-10 20:25:00+00:00,5663.330080900723
2025-07-10 20:40:00+00:00,7151.499961605438
2025-07-10 21:15:00+00:00,6382.925316572858
2025-07-10 21:15:00+00:00,6461.3659199907315
2025-07-10 21:15:00+00:00,5741.857032884871
2025-07-10 21:15:00+00:00,6028.5951199422725
2025-07-10 21:15:00+00:00,6068.229237987252
2025-07-10 21:15:00+00:00,5702.570304853313
2025-07-10 21:20:00+00:00,5989.386016729475
2025-07-10 21:20:00+00:00,6146.873632100818
2025-07-10 21:30:00+00:00,7707.590945143163
2025-07-10 21:40:00+00:00,7441.963782402082
2025-07-10 21:40:00+00:00,6500.865603405525
2025-07-10 21:40:00+00:00,5820.952984605502
2025-07-10 22:00:00+00:00,6304.0525068145635
2025-07-10 22:00:00+00:00,6422.3657423663835
2025-07-10 22:00:00+00:00,6698.205207190112
2025-07-10 22:05:00+00:00,5950.2279457643
2025-07-10 22:15:00+00:00,7323.732223004598
2025-07-10 22:15:00+00:00,6806.417649608472
2025-07-10 22:15:00+00:00,6225.69420732356
2025-07-10 22:30:00+00:00,7043.523465579113
2025-07-10 22:35:00+00:00,7560.632565946728
2025-07-10 22:55:00+00:00,7363.177312356998
2025-07-10 23:45:00+00:00,7996.831796035675
2025-07-11 00:05:00+00:00,6766.882380285632
2025-07-11 00:15:00+00:00,8123.174254815517
2025-07-11 01:05:00+00:00,6658.610786829553
2025-07-11 01:30:00+00:00,7628.734894162772
2025-07-11 01:45:00+00:00,6343.368807061036
2025-07-11 01:50:00+00:00,6737.612703795608
2025-07-11 01:50:00+00:00,6579.77831548302
2025-07-11 02:25:00+00:00,6186.197734879694
2025-07-11 02:40:00+00:00,6925.289073804451
2025-07-11 02:45:00+00:00,5910.740357233984
2025-07-11 03:45:00+00:00,6619.16226190805
2025-07-11 04:10:00+00:00,7957.28199923998
2025-07-11 04:15:00+00:00,6107.749207334582
2025-07-11 04:25:00+00:00,7402.796753630008
2025-07-11 04:50:00+00:00,7004.127745663308
2025-07-11 04:50:00+00:00,7112.055130758224
2025-07-11 05:00:00+00:00,7481.387753258096
2025-07-11 05:05:00+00:00,6885.552820503811
2025-07-11 05:10:00+00:00,7849.211761714537
2025-07-11 05:15:00+00:00,7190.955266036967
2025-07-11 05:35:00+00:00,7520.981196685166
2025-07-11 05:45:00+00:00,8036.289417895953
2025-07-11 05:50:00+00:00,6540.390225502519
2025-07-11 06:05:00+00:00,7888.723670530622
2025-07-11 06:40:00+00:00,8457.106846465857
2025-07-11 06:45:00+00:00,8435.917418448062
2025-07-11 07:10:00+00:00,8469.444476797547
2025-07-11 07:15:00+00:00,8446.522885111848
2025-07-11 07:40:00+00:00,7284.295317635654
2025-07-11 08:40:00+00:00,7072.622191969109
2025-07-11 09:20:00+00:00,7589.169947537193
2025-07-11 12:55:00+00:00,8075.732632315256
2025-07-11 13:00:00+00:00,8360.998421289767
2025-07-11 13:05:00+00:00,7747.1092208252485
2025-07-11 15:50:00+00:00,8509.184303919825
2025-07-11 15:55:00+00:00,8374.164386195444
2025-07-11 16:00:00+00:00,8384.603945510746
2025-07-11 16:05:00+00:00,8426.620870804392
2025-07-11 16:25:00+00:00,8133.780793322129
2025-07-11 16:35:00+00:00,8416.177651164551
2025-07-11 17:50:00+00:00,7786.456917006007
2025-07-11 18:25:00+00:00,8363.644066185121
2025-07-11 19:25:00+00:00,7667.957349081725
2025-07-11 22:20:00+00:00,8467.736317014336
2025-07-11 22:20:00+00:00,8395.128831324851
2025-07-11 22:25:00+00:00,8436.736918274657
2025-07-11 22:25:00+00:00,5555.306027901259
2025-07-11 22:25:00+00:00,8488.462643071243
2025-07-12 00:20:00+00:00,8170.950748699405
2025-07-12 00:35:00+00:00,8405.686677050879
2025-07-12 00:45:00+00:00,8440.142953806451
2025-07-12 01:55:00+00:00,7244.464073477696
2025-07-12 02:35:00+00:00,8706.022834007957
2025-07-12 02:45:00+00:00,7928.09117633468
2025-07-12 04:40:00+00:00,6964.751099235762
2025-07-12 06:05:00+00:00,8307.025886441894
2025-07-12 06:25:00+00:00,8162.3963063562605
2025-07-12 06:35:00+00:00,8449.1377167133
2025-07-12 06:35:00+00:00,8680.501155499589
2025-07-12 06:40:00+00:00,8210.416192737002
2025-07-12 07:20:00+00:00,8479.599216706381
2025-07-12 12:00:00+00:00,8687.549236118602
2025-07-12 12:15:00+00:00,8719.433757731103
2025-07-12 12:45:00+00:00,8094.218086678086
2025-07-12 12:45:00+00:00,8731.823653087384
2025-07-12 12:45:00+00:00,8689.874376699358
2025-07-12 12:50:00+00:00,8714.883064434838
2025-07-12 13:40:00+00:00,8498.815432048144
2025-07-12 13:40:00+00:00,8707.682791590332
2025-07-12 13:40:00+00:00,8675.27487580654
2025-07-12 14:50:00+00:00,8152.050669586301
2025-07-12 15:00:00+00:00,8700.092218888276
2025-07-12 15:05:00+00:00,8710.3644340972
2025-07-12 15:05:00+00:00,8478.112850237027
2025-07-12 15:25:00+00:00,8695.705736792486
2025-07-12 15:25:00+00:00,8666.428447978687
2025-07-12 15:25:00+00:00,8676.76888191731
2025-07-12 15:25:00+00:00,8687.026341336148
2025-07-12 15:25:00+00:00,8718.038075487188
2025-07-12 15:30:00+00:00,8742.16466922836
2025-07-12 15:30:00+00:00,8104.513608894184
2025-07-12 15:30:00+00:00,8720.133874147166
2025-07-12 15:35:00+00:00,8685.58417070018
2025-07-12 15:35:00+00:00,8583.483739551977
2025-07-12 15:35:00+00:00,8744.042906681478
2025-07-12 15:35:00+00:00,8419.943693934438
2025-07-12 15:40:00+00:00,8181.085099858554
2025-07-12 15:40:00+00:00,8505.235374205477
2025-07-12 15:40:00+00:00,8697.38539022844
2025-07-12 15:40:00+00:00,8409.614307319393
2025-07-12 15:40:00+00:00,8712.683107316976
2025-07-12 15:45:00+00:00,8720.578456657875
2025-07-12 16:15:00+00:00,5872.8540425323345
2025-07-12 21:30:00+00:00,8249.962451830159
2025-07-13 00:20:00+00:00,8115.057042230408
2025-07-13 00:45:00+00:00,8729.666761073287
2025-07-13 03:20:00+00:00,8623.1039187217
2025-07-13 07:00:00+00:00,8593.66647723582
2025-07-13 09:00:00+00:00,7204.772798384108
2025-07-13 10:45:00+00:00,8191.462564356256
2025-07-13 12:20:00+00:00,8400.591722797295
2025-07-13 13:55:00+00:00,8752.4162617117
2025-07-13 17:35:00+00:00,7809.7869074532655
2025-07-13 21:50:00+00:00,8267.658380390953
2025-07-13 22:10:00+00:00,8321.40648071656
2025-07-14 02:05:00+00:00,8730.354335733904
2025-07-14 04:30:00+00:00,8430.323187764816
2025-07-14 05:45:00+00:00,8446.944489856009
2025-07-14 15:55:00+00:00,8384.431104601083
2025-07-14 17:50:00+00:00,8754.417909191548
2025-07-14 22:25:00+00:00,8390.60147481419
2025-07-15 00:15:00+00:00,8454.855276036242
2025-07-15 00:20:00+00:00,8475.997220842884
2025-07-15 00:25:00+00:00,8504.313619668203
2025-07-15 00:25:00+00:00,8515.557314658456
2025-07-15 00:25:00+00:00,8531.687448983
2025-07-15 00:25:00+00:00,8497.188042911863
2025-07-15 00:25:00+00:00,8492.421159103065
2025-07-15 00:35:00+00:00,8553.930666478944
2025-07-15 00:45:00+00:00,8638.119913543838
2025-07-15 00:45:00+00:00,8640.962299265022
2025-07-15 00:50:00+00:00,8686.00735013907
2025-07-15 00:55:00+00:00,8697.715834956485
2025-07-15 00:55:00+00:00,8733.750625132896
2025-07-15 01:00:00+00:00,8690.591707130936
2025-07-15 01:00:00+00:00,8693.344268056444
2025-07-15 01:15:00+00:00,8728.394877289835
2025-07-15 03:15:00+00:00,8723.025894209492
2025-07-15 04:50:00+00:00,8734.687404623373
2025-07-15 05:05:00+00:00,8733.387558317663
2025-07-16 04:10:00+00:00,8823.87696772308
2025-07-16 15:00:00+00:00,9083.194405141496
2025-07-16 15:30:00+00:00,9420.855361523205
2025-07-16 18:15:00+00:00,9151.05004430638
2025-07-16 19:30:00+00:00,9434.132411235598
2025-07-16 23:15:00+00:00,9205.094919519632
2025-07-17 00:45:00+00:00,9292.390265317817
2025-07-17 01:20:00+00:00,9225.655838418377
2025-07-17 01:20:00+00:00,9246.330874117199
2025-07-17 01:25:00+00:00,9410.387802797264
2025-07-17 01:25:00+00:00,9288.035034061713
2025-07-17 01:30:00+00:00,9256.77961661266
2025-07-17 01:30:00+00:00,9293.348658803203
2025-07-17 01:30:00+00:00,9464.953657986944
2025-07-17 01:30:00+00:00,9402.545376700611
2025-07-17 01:30:00+00:00,9194.869517723775
2025-07-17 01:30:00+00:00,9329.684329698792
2025-07-17 01:30:00+00:00,9267.27308407595
2025-07-17 01:45:00+00:00,9215.40626681684
2025-07-17 01:45:00+00:00,9371.4939548824
2025-07-17 01:45:00+00:00,9381.802066841281
2025-07-17 01:45:00+00:00,9392.141626884066
2025-07-17 01:45:00+00:00,9308.845353933511
2025-07-17 01:45:00+00:00,9413.322039070612
2025-07-17 01:45:00+00:00,9236.028563608337
2025-07-17 01:45:00+00:00,9298.465159167652
2025-07-17 01:45:00+00:00,9277.64911901341
2025-07-17 01:45:00+00:00,9350.500268650823
2025-07-17 01:45:00+00:00,9360.972708336896
2025-07-17 01:45:00+00:00,9340.067852890821
2025-07-17 01:50:00+00:00,9319.266495870108
2025-07-17 01:50:00+00:00,9259.256952503389
2025-07-17 01:50:00+00:00,9105.16058117303
2025-07-17 02:40:00+00:00,9423.78563077981
2025-07-17 03:05:00+00:00,9184.605983219652
2025-07-17 03:15:00+00:00,9400.945884744078
2025-07-17 03:25:00+00:00,9454.712952870734
2025-07-17 03:25:00+00:00,9429.76606048505
2025-07-17 03:30:00+00:00,9444.38926590485
2025-07-17 03:35:00+00:00,9400.039216080877
2025-07-17 03:35:00+00:00,9252.702705553445
2025-07-17 06:40:00+00:00,9411.277225629769
2025-07-17 08:20:00+00:00,9332.111400124553
2025-07-17 09:35:00+00:00,9303.719681455297
2025-07-17 13:45:00+00:00,9428.536220604545
2025-07-17 13:45:00+00:00,9438.980833676096
2025-07-17 13:45:00+00:00,9376.842639367345
2025-07-17 13:45:00+00:00,9387.18052105642
2025-07-17 14:15:00+00:00,9459.522788516218
2025-07-17 16:15:00+00:00,9418.232290659937
2025-07-17 16:25:00+00:00,9397.629008582333
2025-07-17 16:25:00+00:00,9490.593262790175
2025-07-17 16:25:00+00:00,9407.861166897224
2025-07-17 16:30:00+00:00,9480.220967068944
2025-07-17 16:30:00+00:00,9469.959284604853
2025-07-17 16:30:00+00:00,9500.808857908327
2025-07-17 16:30:00+00:00,9511.211771365664
2025-07-17 16:30:00+00:00,9508.588395171122
2025-07-17 16:30:00+00:00,9085.748600513261
2025-07-17 16:30:00+00:00,9449.192238016602
2025-07-17 16:30:00+00:00,9043.457930507038
2025-07-17 16:30:00+00:00,9366.478976556544
2025-07-17 17:15:00+00:00,8948.814997643485
2025-07-17 19:15:00+00:00,9190.739904434455
2025-07-17 20:05:00+00:00,9498.29765290716
2025-07-17 22:55:00+00:00,9269.764581881798
2025-07-17 23:15:00+00:00,8988.458750086886
2025-07-17 23:50:00+00:00,9098.954057959983
2025-07-18 01:15:00+00:00,9230.331929209415
2025-07-18 01:40:00+00:00,9470.775089765184
2025-07-18 01:55:00+00:00,8834.16877557714
2025-07-18 03:35:00+00:00,9440.041840074913
2025-07-18 04:45:00+00:00,9475.26169886028
2025-07-18 04:45:00+00:00,8774.062327540081
2025-07-18 04:50:00+00:00,9625.847089464696
2025-07-18 05:05:00+00:00,9371.657324700522
2025-07-18 05:05:00+00:00,9439.48311121441
2025-07-18 05:05:00+00:00,9448.053086608548
2025-07-18 05:20:00+00:00,9351.614563473493
2025-07-18 05:25:00+00:00,9224.27946835371
2025-07-18 05:35:00+00:00,8895.185370547957
2025-07-18 05:45:00+00:00,9037.54170745394
2025-07-18 05:50:00+00:00,9391.236572568854
2025-07-18 07:00:00+00:00,9515.239547941137
2025-07-18 14:05:00+00:00,9263.992616192936
2025-07-18 14:25:00+00:00,9933.022745992417
2025-07-18 14:25:00+00:00,9910.631629317539
2025-07-18 14:30:00+00:00,9881.22867331855
2025-07-18 14:30:00+00:00,9876.405875809116
2025-07-18 14:40:00+00:00,9900.400776977056
2025-07-18 15:15:00+00:00,9897.095715012982
2025-07-18 15:15:00+00:00,9886.661709722128
2025-07-18 15:20:00+00:00,9912.352085507631
2025-07-18 15:40:00+00:00,9902.047139271082
2025-07-18 19:00:00+00:00,9849.689815816828
2025-07-18 20:05:00+00:00,9518.952008080118
2025-07-18 20:15:00+00:00,9894.82844199767
2025-07-18 20:20:00+00:00,9922.688652273151
2025-07-18 20:20:00+00:00,9884.505027509986
2025-07-18 20:25:00+00:00,9866.061806329404
2025-07-18 20:25:00+00:00,9855.806802226536
2025-07-18 20:25:00+00:00,9845.584207134865
2025-07-18 20:25:00+00:00,9856.329006486414
2025-07-18 20:25:00+00:00,9943.312239494007
2025-07-18 20:30:00+00:00,9687.143110957499
2025-07-18 20:30:00+00:00,9846.130372770573
2025-07-18 20:30:00+00:00,9865.441937014888
2025-07-18 20:30:00+00:00,9953.622807914642
2025-07-18 20:40:00+00:00,9615.468614586855
2025-07-19 00:35:00+00:00,8789.062061226039
2025-07-19 00:35:00+00:00,8780.186641012955
2025-07-19 00:35:00+00:00,8734.43104336071
2025-07-19 00:45:00+00:00,8794.52603230441
2025-07-19 01:00:00+00:00,10043.564031991595
2025-07-19 01:40:00+00:00,8834.262092355999
2025-07-19 02:15:00+00:00,8848.75976268322
2025-07-19 02:20:00+00:00,8855.522073229025
2025-07-19 02:30:00+00:00,8909.079301661663
2025-07-19 02:45:00+00:00,9053.71390766083
2025-07-19 02:45:00+00:00,8997.925363848324
2025-07-19 04:20:00+00:00,9096.099507482697
2025-07-19 06:05:00+00:00,9086.187231130654
2025-07-19 07:05:00+00:00,9101.63376220551
2025-07-19 07:10:00+00:00,9115.515459536817
2025-07-19 07:45:00+00:00,9103.66792075067
2025-07-19 07:45:00+00:00,9109.290081219728
2025-07-19 08:00:00+00:00,9111.305249050349
2025-07-19 09:45:00+00:00,9263.095914852074
2025-07-19 13:45:00+00:00,10145.072873653036
2025-07-19 14:25:00+00:00,9891.61783228068
2025-07-19 14:30:00+00:00,9787.190083126561
2025-07-19 14:45:00+00:00,9431.20912423805
2025-07-19 16:00:00+00:00,9435.78284459344
2025-07-19 18:00:00+00:00,9826.896287366568
2025-07-20 00:00:00+00:00,9574.565843657107
2025-07-20 01:10:00+00:00,9291.39651735169
2025-07-20 02:10:00+00:00,9920.931778330254
2025-07-20 03:25:00+00:00,9304.279019342846
2025-07-20 04:30:00+00:00,9673.537400842844
2025-07-20 05:55:00+00:00,9311.98413240279
2025-07-20 06:25:00+00:00,9408.502697058595
2025-07-20 06:35:00+00:00,9475.591291159148
2025-07-20 06:50:00+00:00,9529.11589320968
2025-07-20 07:50:00+00:00,10013.855905821942
2025-07-20 08:20:00+00:00,9521.471431956283
2025-07-20 10:40:00+00:00,9375.420992512916
2025-07-20 11:30:00+00:00,9409.350633032594
2025-07-20 12:30:00+00:00,9564.204963689857
2025-07-20 13:20:00+00:00,9431.004156412448
2025-07-20 14:45:00+00:00,10223.04703622452
2025-07-20 16:00:00+00:00,9866.602149134582
2025-07-20 16:40:00+00:00,9726.756865822681
2025-07-20 17:05:00+00:00,9766.38837932877
2025-07-20 17:15:00+00:00,9905.113161915526
2025-07-20 17:15:00+00:00,9948.669756624151
2025-07-20 17:20:00+00:00,9963.805454715604
2025-07-20 17:25:00+00:00,9924.085213759894
2025-07-20 17:50:00+00:00,10043.764868784427
2025-07-20 18:50:00+00:00,9491.771340420739
2025-07-20 19:10:00+00:00,9522.478331209128
2025-07-20 19:15:00+00:00,9550.37099840853
2025-07-20 19:40:00+00:00,9961.202101729057
2025-07-20 20:05:00+00:00,10012.499734185702
2025-07-20 20:35:00+00:00,9561.471407809206
2025-07-20 21:00:00+00:00,10002.303511529915
2025-07-20 21:05:00+00:00,10022.914858481015
2025-07-20 21:10:00+00:00,9991.99145917936
2025-07-20 21:15:00+00:00,9584.80408977248
2025-07-20 21:25:00+00:00,9586.117497305533
2025-07-20 22:10:00+00:00,10105.881059641524
2025-07-20 22:10:00+00:00,9634.933788910072
2025-07-20 22:15:00+00:00,9981.618794342656
2025-07-20 22:15:00+00:00,10064.535042965936
2025-07-20 22:15:00+00:00,10033.260606828262
2025-07-20 22:15:00+00:00,10074.922514694787
2025-07-20 22:15:00+00:00,10095.584431416073
2025-07-20 22:15:00+00:00,10116.253592852183
2025-07-20 22:15:00+00:00,10147.354369717363
2025-07-20 22:15:00+00:00,10167.700065091165
2025-07-20 22:15:00+00:00,10178.147567373817
2025-07-20 22:15:00+00:00,10054.22043135545
2025-07-20 22:15:00+00:00,9959.412169753581
2025-07-20 22:30:00+00:00,9633.769704690474
2025-07-20 22:40:00+00:00,9697.349488029327
2025-07-21 00:00:00+00:00,9796.341405108918
2025-07-21 00:15:00+00:00,9797.339471525813
2025-07-21 01:10:00+00:00,9859.89509915956
2025-07-21 01:45:00+00:00,9875.738732926564
2025-07-21 04:15:00+00:00,10083.26352300246
2025-07-21 07:35:00+00:00,9907.509892307646
2025-07-21 15:05:00+00:00,9908.968945632063
2025-07-21 15:20:00+00:00,9852.352942768259
2025-07-21 15:20:00+00:00,9869.34517036839
2025-07-21 19:50:00+00:00,9969.850782713702
2025-07-21 20:30:00+00:00,9974.125964974251
2025-07-21 20:40:00+00:00,10029.525749468561
2025-07-21 20:45:00+00:00,10043.02980952914
2025-07-21 20:45:00+00:00,10053.745978433695
2025-07-22 00:20:00+00:00,10102.92127519483
2025-07-22 00:25:00+00:00,10123.460388819833
2025-07-22 01:00:00+00:00,10124.000095138474
2025-07-22 01:05:00+00:00,10130.673243651609
2025-07-22 01:05:00+00:00,9940.537827091375
2025-07-22 01:10:00+00:00,10130.347578220115
2025-07-22 01:15:00+00:00,10155.312964112778
2025-07-22 01:15:00+00:00,9938.677476486217
2025-07-22 01:15:00+00:00,10149.353735882964
2025-07-22 01:15:00+00:00,10126.626537548505
2025-07-22 01:50:00+00:00,10152.452219809224
2025-07-22 02:30:00+00:00,10175.124601119505
2025-07-22 03:30:00+00:00,10183.348959061283
2025-07-22 04:25:00+00:00,10137.072193548755
2025-07-22 04:45:00+00:00,10209.422490299525
2025-07-22 04:55:00+00:00,9917.91302428637
2025-07-22 08:10:00+00:00,9928.34380646871
2025-07-22 08:10:00+00:00,9905.896170293536
2025-07-22 08:15:00+00:00,9950.758347810328
2025-07-22 08:15:00+00:00,9949.021952453772
2025-07-22 08:25:00+00:00,9886.893148263649
2025-07-22 08:25:00+00:00,9895.637560118254
2025-07-22 09:10:00+00:00,9876.572389309116
2025-07-22 09:15:00+00:00,9907.496478256488
2025-07-22 13:00:00+00:00,10188.56680132551
2025-07-22 14:00:00+00:00,10157.320168688037
2025-07-22 15:45:00+00:00,9916.201720254814
2025-07-23 07:20:00+00:00,9980.137024613832
2025-07-23 12:40:00+00:00,10085.295878918909
2025-07-23 12:55:00+00:00,9885.308827328852
2025-07-23 13:05:00+00:00,10219.898343760287
2025-07-23 13:05:00+00:00,10217.489787925375
2025-07-23 13:40:00+00:00,10198.975911142437
2025-07-23 13:40:00+00:00,9874.993170896203
2025-07-23 13:45:00+00:00,9897.236236936533
2025-07-23 15:25:00+00:00,10157.664282098138
2025-07-23 17:30:00+00:00,9971.499883478513
2025-07-26 02:55:00+00:00,9856.370683730342
2025-07-26 09:40:00+00:00,9794.873536052342
2025-07-26 15:10:00+00:00,9880.12717114317
2025-07-26 19:55:00+00:00,9889.250274523229
2025-07-27 00:45:00+00:00,9899.335680180991
2025-07-27 01:50:00+00:00,9868.725672873014
2025-07-27 01:55:00+00:00,9848.152772308556
2025-07-27 02:00:00+00:00,9909.689046887395
2025-07-27 04:10:00+00:00,9887.920999362554
2025-07-27 08:10:00+00:00,9867.323689943227
2025-07-27 08:30:00+00:00,9825.633386496906
2025-07-27 11:30:00+00:00,9857.117497530531
2025-07-27 12:25:00+00:00,9805.204080559302
2025-07-27 12:55:00+00:00,9900.707014240148
2025-07-27 13:30:00+00:00,9844.7080317848
2025-07-27 14:30:00+00:00,9920.01911559104
2025-07-27 14:45:00+00:00,9834.318313085714
2025-07-27 17:30:00+00:00,9813.646891193699
2025-07-27 18:10:00+00:00,9855.021781092868
2025-07-27 23:30:00+00:00,9879.022310122642
2025-07-27 23:30:00+00:00,9763.394729104544
2025-07-28 00:05:00+00:00,9858.575113716222
2025-07-28 11:55:00+00:00,9708.312007533326
2025-07-28 12:40:00+00:00,9737.635193999933
2025-07-28 14:10:00+00:00,9815.344374282187
2025-07-28 14:15:00+00:00,9803.461204554565
2025-07-28 14:15:00+00:00,9835.897955192704
2025-07-28 14:20:00+00:00,9784.025268908408
2025-07-28 14:25:00+00:00,9825.771166579587
2025-07-28 15:50:00+00:00,9718.800575717054
2025-07-28 15:55:00+00:00,9728.894622080219
2025-07-28 17:15:00+00:00,9739.290110697462
2025-07-28 18:05:00+00:00,9846.196112124866
2025-07-28 18:05:00+00:00,9815.349574645543
2025-07-28 18:20:00+00:00,9890.470821111874
2025-07-28 18:30:00+00:00,9877.563582073299
2025-07-28 19:05:00+00:00,9846.912943641844
2025-07-28 19:40:00+00:00,9867.479143005603
2025-07-28 20:25:00+00:00,9707.066097494557
2025-07-28 21:55:00+00:00,9753.207741076198
2025-07-28 22:40:00+00:00,9836.678306060592
2025-07-28 22:40:00+00:00,9773.641152478229
2025-07-29 00:00:00+00:00,9877.664090440543
2025-07-29 00:15:00+00:00,9866.549556168075
2025-07-29 02:15:00+00:00,9698.02805841992
2025-07-29 02:25:00+00:00,9717.251507813837
2025-07-29 03:35:00+00:00,9727.506963982789
2025-07-29 05:55:00+00:00,9842.082079115236
2025-07-29 06:10:00+00:00,9802.811301360476
2025-07-29 07:50:00+00:00,9861.225934416669
2025-07-29 20:10:00+00:00,9823.993585388764
2025-07-30 16:45:00+00:00,9794.681718990058
2025-07-31 00:15:00+00:00,9749.4872681583
2025-07-31 14:25:00+00:00,9676.452805634193
2025-07-31 19:20:00+00:00,9656.238053350446
2025-08-01 10:55:00+00:00,9696.871856789521
2025-08-01 18:00:00+00:00,9686.70901697071
2025-08-01 22:20:00+00:00,9666.377413698869
2025-08-04 16:10:00+00:00,9646.029580214516
2025-08-05 01:05:00+00:00,9635.715806945092
2025-08-05 12:40:00+00:00,9715.159910190396
2025-08-07 15:10:00+00:00,9675.496582451162
2025-08-07 16:45:00+00:00,9806.304968193357
2025-08-08 01:50:00+00:00,9817.361228327853
2025-08-08 07:45:00+00:00,9846.13491503812
2025-08-08 10:25:00+00:00,9754.916177967025
2025-08-08 17:30:00+00:00,9885.092720970322
2025-08-09 05:55:00+00:00,9954.480418220492
2025-08-09 12:05:00+00:00,9971.363979690816
2025-08-09 12:10:00+00:00,9992.389020784209
2025-08-09 12:10:00+00:00,9914.976793015408
2025-08-09 12:15:00+00:00,9777.583505878423
2025-08-09 12:15:00+00:00,9987.629807777186
2025-08-09 12:20:00+00:00,9976.19606948369
2025-08-09 12:20:00+00:00,9992.108644642172
