symbol,base,category,semantic_first_authority_ts,semantic_last_authority_ts,observed_official_snapshots,first_rank_day,last_rank_day,ranked_days,top_100_eligible_days,minimum_rank,maximum_rank,maximum_valid_prior_days,cohort_version,cohort_hash,survivorship_free_claim,continuous_tradeability_claim,exact_quote_volume_claim
PF_1INCHUSD,1INCH,DeFi,2023-02-23 08:48:16+00:00,2026-07-17 00:00:00+00:00,9,2023-03-15 00:00:00+00:00,2025-12-31 00:00:00+00:00,1023,856,19,170,30,c01_mechanism_proof_top100_close_based_proxy_v1_20260717,768b09c731a728e31ce1d882862878c698cbf19e6883b1d0fe02505edb619f15,False,False,False
PF_AAVEUSD,AAVE,DeFi,2023-02-23 08:48:16+00:00,2026-07-17 00:00:00+00:00,9,2023-03-15 00:00:00+00:00,2025-12-31 00:00:00+00:00,1023,1023,6,54,30,c01_mechanism_proof_top100_close_based_proxy_v1_20260717,768b09c731a728e31ce1d882862878c698cbf19e6883b1d0fe02505edb619f15,False,False,False
PF_ACEUSD,ACE,Gaming,2024-12-07 02:16:51+00:00,2026-07-17 00:00:00+00:00,6,2024-12-27 00:00:00+00:00,2025-12-31 00:00:00+00:00,370,0,101,246,30,c01_mechanism_proof_top100_close_based_proxy_v1_20260717,768b09c731a728e31ce1d882862878c698cbf19e6883b1d0fe02505edb619f15,False,False,False
PF_ADAUSD,ADA,Layer 1,2023-02-23 08:48:16+00:00,2026-07-17 00:00:00+00:00,9,2023-03-15 00:00:00+00:00,2025-12-31 00:00:00+00:00,1023,1023,3,15,30,c01_mechanism_proof_top100_close_based_proxy_v1_20260717,768b09c731a728e31ce1d882862878c698cbf19e6883b1d0fe02505edb619f15,False,False,False
PF_AEVOUSD,AEVO,DeFi,2024-12-07 02:16:51+00:00,2026-07-17 00:00:00+00:00,6,2024-12-27 00:00:00+00:00,2025-12-31 00:00:00+00:00,370,0,118,188,30,c01_mechanism_proof_top100_close_based_proxy_v1_20260717,768b09c731a728e31ce1d882862878c698cbf19e6883b1d0fe02505edb619f15,False,False,False
PF_AGLDUSD,AGLD,Gaming,2023-12-10 00:16:14+00:00,2026-07-17 00:00:00+00:00,8,2023-12-30 00:00:00+00:00,2025-12-31 00:00:00+00:00,733,318,29,250,30,c01_mechanism_proof_top100_close_based_proxy_v1_20260717,768b09c731a728e31ce1d882862878c698cbf19e6883b1d0fe02505edb619f15,False,False,False
PF_AIXBTUSD,AIXBT,AI,2025-02-08 03:03:05+00:00,2026-07-17 00:00:00+00:00,5,2025-02-28 00:00:00+00:00,2025-12-31 00:00:00+00:00,307,219,50,114,30,c01_mechanism_proof_top100_close_based_proxy_v1_20260717,768b09c731a728e31ce1d882862878c698cbf19e6883b1d0fe02505edb619f15,False,False,False
PF_AKTUSD,AKT,DeFi,2024-12-07 02:16:51+00:00,2026-07-17 00:00:00+00:00,6,2024-12-27 00:00:00+00:00,2025-12-31 00:00:00+00:00,370,1,100,208,30,c01_mechanism_proof_top100_close_based_proxy_v1_20260717,768b09c731a728e31ce1d882862878c698cbf19e6883b1d0fe02505edb619f15,False,False,False
PF_ALCHUSD,ALCH,AI,2025-02-08 03:03:05+00:00,2026-07-17 00:00:00+00:00,5,2025-02-28 00:00:00+00:00,2025-12-31 00:00:00+00:00,307,119,38,183,30,c01_mechanism_proof_top100_close_based_proxy_v1_20260717,768b09c731a728e31ce1d882862878c698cbf19e6883b1d0fe02505edb619f15,False,False,False
PF_ALGOUSD,ALGO,Layer 1,2023-02-23 08:48:16+00:00,2026-07-17 00:00:00+00:00,9,2023-03-15 00:00:00+00:00,2025-12-31 00:00:00+00:00,1023,1023,18,79,30,c01_mechanism_proof_top100_close_based_proxy_v1_20260717,768b09c731a728e31ce1d882862878c698cbf19e6883b1d0fe02505edb619f15,False,False,False
PF_ALICEUSD,ALICE,Gaming,2023-02-23 08:48:16+00:00,2026-07-17 00:00:00+00:00,9,2023-03-15 00:00:00+00:00,2025-12-31 00:00:00+00:00,1023,630,54,230,30,c01_mechanism_proof_top100_close_based_proxy_v1_20260717,768b09c731a728e31ce1d882862878c698cbf19e6883b1d0fe02505edb619f15,False,False,False
PF_ALTUSD,ALT,DeFi,2024-12-07 02:16:51+00:00,2026-07-17 00:00:00+00:00,6,2024-12-27 00:00:00+00:00,2025-12-31 00:00:00+00:00,370,0,108,224,30,c01_mechanism_proof_top100_close_based_proxy_v1_20260717,768b09c731a728e31ce1d882862878c698cbf19e6883b1d0fe02505edb619f15,False,False,False
PF_ANIMEUSD,ANIME,NFT,2025-02-08 03:03:05+00:00,2026-07-17 00:00:00+00:00,5,2025-02-28 00:00:00+00:00,2025-12-31 00:00:00+00:00,307,0,118,242,30,c01_mechanism_proof_top100_close_based_proxy_v1_20260717,768b09c731a728e31ce1d882862878c698cbf19e6883b1d0fe02505edb619f15,False,False,False
PF_ANKRUSD,ANKR,DeFi,2023-02-23 08:48:16+00:00,2026-07-17 00:00:00+00:00,9,2023-03-15 00:00:00+00:00,2025-12-31 00:00:00+00:00,1023,653,29,205,30,c01_mechanism_proof_top100_close_based_proxy_v1_20260717,768b09c731a728e31ce1d882862878c698cbf19e6883b1d0fe02505edb619f15,False,False,False
PF_APEUSD,APE,Community,2023-02-23 08:48:16+00:00,2026-07-17 00:00:00+00:00,9,2023-03-15 00:00:00+00:00,2025-12-31 00:00:00+00:00,1023,1023,9,89,30,c01_mechanism_proof_top100_close_based_proxy_v1_20260717,768b09c731a728e31ce1d882862878c698cbf19e6883b1d0fe02505edb619f15,False,False,False
PF_API3USD,API3,DeFi,2024-04-17 12:34:20+00:00,2026-07-17 00:00:00+00:00,7,2024-05-07 00:00:00+00:00,2025-12-31 00:00:00+00:00,604,262,64,191,30,c01_mechanism_proof_top100_close_based_proxy_v1_20260717,768b09c731a728e31ce1d882862878c698cbf19e6883b1d0fe02505edb619f15,False,False,False
PF_APTUSD,APT,Layer 1,2023-02-23 08:48:16+00:00,2026-07-17 00:00:00+00:00,9,2023-03-15 00:00:00+00:00,2025-12-31 00:00:00+00:00,1023,1023,14,71,30,c01_mechanism_proof_top100_close_based_proxy_v1_20260717,768b09c731a728e31ce1d882862878c698cbf19e6883b1d0fe02505edb619f15,False,False,False
PF_ARBUSD,ARB,Layer 2,2023-12-10 00:16:14+00:00,2026-07-17 00:00:00+00:00,8,2023-12-30 00:00:00+00:00,2025-12-31 00:00:00+00:00,733,733,6,38,30,c01_mechanism_proof_top100_close_based_proxy_v1_20260717,768b09c731a728e31ce1d882862878c698cbf19e6883b1d0fe02505edb619f15,False,False,False
PF_ARCUSD,ARC,AI,2025-02-08 03:03:05+00:00,2026-07-17 00:00:00+00:00,5,2025-02-28 00:00:00+00:00,2025-12-31 00:00:00+00:00,307,88,68,219,30,c01_mechanism_proof_top100_close_based_proxy_v1_20260717,768b09c731a728e31ce1d882862878c698cbf19e6883b1d0fe02505edb619f15,False,False,False
PF_ARKMUSD,ARKM,AI,2024-12-07 02:16:51+00:00,2026-07-17 00:00:00+00:00,6,2024-12-27 00:00:00+00:00,2025-12-31 00:00:00+00:00,370,12,93,227,30,c01_mechanism_proof_top100_close_based_proxy_v1_20260717,768b09c731a728e31ce1d882862878c698cbf19e6883b1d0fe02505edb619f15,False,False,False
PF_ARUSD,AR,Web3,2024-12-07 02:16:51+00:00,2026-07-17 00:00:00+00:00,6,2024-12-27 00:00:00+00:00,2025-12-31 00:00:00+00:00,370,302,48,122,30,c01_mechanism_proof_top100_close_based_proxy_v1_20260717,768b09c731a728e31ce1d882862878c698cbf19e6883b1d0fe02505edb619f15,False,False,False
PF_ASTRUSD,ASTR,Web3,2024-12-07 02:16:51+00:00,2026-07-17 00:00:00+00:00,6,2024-12-27 00:00:00+00:00,2025-12-31 00:00:00+00:00,370,0,151,231,30,c01_mechanism_proof_top100_close_based_proxy_v1_20260717,768b09c731a728e31ce1d882862878c698cbf19e6883b1d0fe02505edb619f15,False,False,False
PF_ATHUSD,ATH,AI,2024-12-07 02:16:51+00:00,2026-07-17 00:00:00+00:00,6,2024-12-27 00:00:00+00:00,2025-12-31 00:00:00+00:00,370,19,88,205,30,c01_mechanism_proof_top100_close_based_proxy_v1_20260717,768b09c731a728e31ce1d882862878c698cbf19e6883b1d0fe02505edb619f15,False,False,False
PF_ATOMUSD,ATOM,DeFi,2023-02-23 08:48:16+00:00,2026-07-17 00:00:00+00:00,9,2023-03-15 00:00:00+00:00,2025-12-31 00:00:00+00:00,1023,1023,5,55,30,c01_mechanism_proof_top100_close_based_proxy_v1_20260717,768b09c731a728e31ce1d882862878c698cbf19e6883b1d0fe02505edb619f15,False,False,False
PF_AUCTIONUSD,AUCTION,DeFi,2024-12-07 02:16:51+00:00,2026-07-17 00:00:00+00:00,6,2024-12-27 00:00:00+00:00,2025-12-31 00:00:00+00:00,370,41,61,247,30,c01_mechanism_proof_top100_close_based_proxy_v1_20260717,768b09c731a728e31ce1d882862878c698cbf19e6883b1d0fe02505edb619f15,False,False,False
PF_AVAXUSD,AVAX,Layer 1,2023-02-23 08:48:16+00:00,2026-07-17 00:00:00+00:00,9,2023-03-15 00:00:00+00:00,2025-12-31 00:00:00+00:00,1023,1023,2,22,30,c01_mechanism_proof_top100_close_based_proxy_v1_20260717,768b09c731a728e31ce1d882862878c698cbf19e6883b1d0fe02505edb619f15,False,False,False
PF_AXSUSD,AXS,Gaming,2023-02-23 08:48:16+00:00,2026-07-17 00:00:00+00:00,9,2023-03-15 00:00:00+00:00,2025-12-31 00:00:00+00:00,1023,1014,8,104,30,c01_mechanism_proof_top100_close_based_proxy_v1_20260717,768b09c731a728e31ce1d882862878c698cbf19e6883b1d0fe02505edb619f15,False,False,False
PF_B3USD,B3,Gaming,2025-03-23 23:24:48+00:00,2026-07-17 00:00:00+00:00,4,2025-04-12 00:00:00+00:00,2025-12-31 00:00:00+00:00,264,0,207,248,30,c01_mechanism_proof_top100_close_based_proxy_v1_20260717,768b09c731a728e31ce1d882862878c698cbf19e6883b1d0fe02505edb619f15,False,False,False
PF_BANANAUSD,BANANA,DeFi,2024-12-07 02:16:51+00:00,2026-07-17 00:00:00+00:00,6,2024-12-27 00:00:00+00:00,2025-12-31 00:00:00+00:00,370,7,98,240,30,c01_mechanism_proof_top100_close_based_proxy_v1_20260717,768b09c731a728e31ce1d882862878c698cbf19e6883b1d0fe02505edb619f15,False,False,False
PF_BANDUSD,BAND,DeFi,2023-02-23 08:48:16+00:00,2026-07-17 00:00:00+00:00,9,2023-03-15 00:00:00+00:00,2025-12-31 00:00:00+00:00,1023,606,45,222,30,c01_mechanism_proof_top100_close_based_proxy_v1_20260717,768b09c731a728e31ce1d882862878c698cbf19e6883b1d0fe02505edb619f15,False,False,False
PF_BATUSD,BAT,Community,2023-02-23 08:48:16+00:00,2026-07-17 00:00:00+00:00,9,2023-03-15 00:00:00+00:00,2025-12-31 00:00:00+00:00,1023,723,44,201,30,c01_mechanism_proof_top100_close_based_proxy_v1_20260717,768b09c731a728e31ce1d882862878c698cbf19e6883b1d0fe02505edb619f15,False,False,False
PF_BBUSD,BB,DeFi,2024-12-07 02:16:51+00:00,2026-07-17 00:00:00+00:00,6,2024-12-27 00:00:00+00:00,2025-12-31 00:00:00+00:00,370,1,97,235,30,c01_mechanism_proof_top100_close_based_proxy_v1_20260717,768b09c731a728e31ce1d882862878c698cbf19e6883b1d0fe02505edb619f15,False,False,False
PF_BCHUSD,BCH,Layer 1,2023-02-23 08:48:16+00:00,2026-07-17 00:00:00+00:00,9,2023-03-15 00:00:00+00:00,2025-12-31 00:00:00+00:00,1023,1023,3,57,30,c01_mechanism_proof_top100_close_based_proxy_v1_20260717,768b09c731a728e31ce1d882862878c698cbf19e6883b1d0fe02505edb619f15,False,False,False
PF_BEAMUSD,BEAM,Gaming,2024-04-17 12:34:20+00:00,2026-07-17 00:00:00+00:00,7,2024-05-08 00:00:00+00:00,2025-12-31 00:00:00+00:00,603,268,38,213,30,c01_mechanism_proof_top100_close_based_proxy_v1_20260717,768b09c731a728e31ce1d882862878c698cbf19e6883b1d0fe02505edb619f15,False,False,False
PF_BELUSD,BEL,DeFi,2024-12-07 02:16:51+00:00,2026-07-17 00:00:00+00:00,6,2024-12-27 00:00:00+00:00,2025-12-31 00:00:00+00:00,370,0,115,250,30,c01_mechanism_proof_top100_close_based_proxy_v1_20260717,768b09c731a728e31ce1d882862878c698cbf19e6883b1d0fe02505edb619f15,False,False,False
PF_BERAUSD,BERA,DeFi,2025-03-23 23:24:48+00:00,2026-07-17 00:00:00+00:00,4,2025-04-12 00:00:00+00:00,2025-12-31 00:00:00+00:00,264,179,76,133,30,c01_mechanism_proof_top100_close_based_proxy_v1_20260717,768b09c731a728e31ce1d882862878c698cbf19e6883b1d0fe02505edb619f15,False,False,False
PF_BICOUSD,BICO,Web3,2024-12-07 02:16:51+00:00,2026-07-17 00:00:00+00:00,6,2024-12-27 00:00:00+00:00,2025-12-31 00:00:00+00:00,370,0,149,223,30,c01_mechanism_proof_top100_close_based_proxy_v1_20260717,768b09c731a728e31ce1d882862878c698cbf19e6883b1d0fe02505edb619f15,False,False,False
PF_BIGTIMEUSD,BIGTIME,Gaming,2024-12-07 02:16:51+00:00,2026-07-17 00:00:00+00:00,6,2024-12-27 00:00:00+00:00,2025-12-31 00:00:00+00:00,370,41,71,228,30,c01_mechanism_proof_top100_close_based_proxy_v1_20260717,768b09c731a728e31ce1d882862878c698cbf19e6883b1d0fe02505edb619f15,False,False,False
PF_BIOUSD,BIO,Utility,2025-02-08 03:03:05+00:00,2026-07-17 00:00:00+00:00,5,2025-02-28 00:00:00+00:00,2025-12-31 00:00:00+00:00,307,43,60,227,30,c01_mechanism_proof_top100_close_based_proxy_v1_20260717,768b09c731a728e31ce1d882862878c698cbf19e6883b1d0fe02505edb619f15,False,False,False
PF_BLURUSD,BLUR,Community,2023-02-23 08:48:16+00:00,2026-07-17 00:00:00+00:00,9,2023-03-15 00:00:00+00:00,2025-12-31 00:00:00+00:00,1023,731,13,202,30,c01_mechanism_proof_top100_close_based_proxy_v1_20260717,768b09c731a728e31ce1d882862878c698cbf19e6883b1d0fe02505edb619f15,False,False,False
PF_BNBUSD,BNB,Layer 1,2023-12-10 00:16:14+00:00,2026-07-17 00:00:00+00:00,8,2023-12-30 00:00:00+00:00,2025-12-31 00:00:00+00:00,733,733,4,40,30,c01_mechanism_proof_top100_close_based_proxy_v1_20260717,768b09c731a728e31ce1d882862878c698cbf19e6883b1d0fe02505edb619f15,False,False,False
PF_BNTUSD,BNT,DeFi,2024-12-07 02:16:51+00:00,2026-07-17 00:00:00+00:00,6,2024-12-27 00:00:00+00:00,2025-12-31 00:00:00+00:00,370,0,157,233,30,c01_mechanism_proof_top100_close_based_proxy_v1_20260717,768b09c731a728e31ce1d882862878c698cbf19e6883b1d0fe02505edb619f15,False,False,False
PF_BOMEUSD,BOME,Community,2024-12-07 02:16:51+00:00,2026-07-17 00:00:00+00:00,6,2024-12-27 00:00:00+00:00,2025-12-31 00:00:00+00:00,370,74,83,166,30,c01_mechanism_proof_top100_close_based_proxy_v1_20260717,768b09c731a728e31ce1d882862878c698cbf19e6883b1d0fe02505edb619f15,False,False,False
PF_BONKUSD,BONK,Community,2024-04-17 12:34:20+00:00,2026-07-17 00:00:00+00:00,7,2024-05-07 00:00:00+00:00,2025-12-31 00:00:00+00:00,604,604,8,59,30,c01_mechanism_proof_top100_close_based_proxy_v1_20260717,768b09c731a728e31ce1d882862878c698cbf19e6883b1d0fe02505edb619f15,False,False,False
PF_BRETTUSD,BRETT,Meme,2024-12-07 02:16:51+00:00,2026-07-17 00:00:00+00:00,6,2024-12-27 00:00:00+00:00,2025-12-31 00:00:00+00:00,370,370,42,94,30,c01_mechanism_proof_top100_close_based_proxy_v1_20260717,768b09c731a728e31ce1d882862878c698cbf19e6883b1d0fe02505edb619f15,False,False,False
PF_C98USD,C98,DeFi,2024-12-07 02:16:51+00:00,2026-07-17 00:00:00+00:00,6,2024-12-27 00:00:00+00:00,2025-12-31 00:00:00+00:00,370,0,120,228,30,c01_mechanism_proof_top100_close_based_proxy_v1_20260717,768b09c731a728e31ce1d882862878c698cbf19e6883b1d0fe02505edb619f15,False,False,False
PF_CAKEUSD,CAKE,DeFi,2024-12-07 02:16:51+00:00,2026-07-17 00:00:00+00:00,6,2024-12-27 00:00:00+00:00,2025-12-31 00:00:00+00:00,370,131,66,184,30,c01_mechanism_proof_top100_close_based_proxy_v1_20260717,768b09c731a728e31ce1d882862878c698cbf19e6883b1d0fe02505edb619f15,False,False,False
PF_CATIUSD,CATI,Gaming,2024-12-07 02:16:51+00:00,2026-07-17 00:00:00+00:00,6,2024-12-27 00:00:00+00:00,2025-12-31 00:00:00+00:00,370,0,140,250,30,c01_mechanism_proof_top100_close_based_proxy_v1_20260717,768b09c731a728e31ce1d882862878c698cbf19e6883b1d0fe02505edb619f15,False,False,False
PF_CATUSD,CAT,Meme,2024-12-07 02:16:51+00:00,2026-07-17 00:00:00+00:00,6,2024-12-27 00:00:00+00:00,2025-12-31 00:00:00+00:00,370,176,56,248,30,c01_mechanism_proof_top100_close_based_proxy_v1_20260717,768b09c731a728e31ce1d882862878c698cbf19e6883b1d0fe02505edb619f15,False,False,False
PF_CELOUSD,CELO,DeFi,2024-12-07 02:16:51+00:00,2026-07-17 00:00:00+00:00,6,2024-12-27 00:00:00+00:00,2025-12-31 00:00:00+00:00,370,0,132,229,30,c01_mechanism_proof_top100_close_based_proxy_v1_20260717,768b09c731a728e31ce1d882862878c698cbf19e6883b1d0fe02505edb619f15,False,False,False
PF_CELRUSD,CELR,DeFi,2024-12-07 02:16:51+00:00,2026-07-17 00:00:00+00:00,6,2024-12-27 00:00:00+00:00,2025-12-31 00:00:00+00:00,370,0,136,224,30,c01_mechanism_proof_top100_close_based_proxy_v1_20260717,768b09c731a728e31ce1d882862878c698cbf19e6883b1d0fe02505edb619f15,False,False,False
PF_CETUSUSD,CETUS,DeFi,2024-12-07 02:16:51+00:00,2026-07-17 00:00:00+00:00,6,2024-12-27 00:00:00+00:00,2025-12-31 00:00:00+00:00,370,0,117,244,30,c01_mechanism_proof_top100_close_based_proxy_v1_20260717,768b09c731a728e31ce1d882862878c698cbf19e6883b1d0fe02505edb619f15,False,False,False
PF_CFXUSD,CFX,Web3,2023-12-10 00:16:14+00:00,2026-07-17 00:00:00+00:00,8,2023-12-30 00:00:00+00:00,2025-12-31 00:00:00+00:00,733,421,41,218,30,c01_mechanism_proof_top100_close_based_proxy_v1_20260717,768b09c731a728e31ce1d882862878c698cbf19e6883b1d0fe02505edb619f15,False,False,False
PF_CGPTUSD,CGPT,AI,2025-02-08 03:03:05+00:00,2026-07-17 00:00:00+00:00,5,2025-02-28 00:00:00+00:00,2025-12-31 00:00:00+00:00,307,0,164,247,30,c01_mechanism_proof_top100_close_based_proxy_v1_20260717,768b09c731a728e31ce1d882862878c698cbf19e6883b1d0fe02505edb619f15,False,False,False
PF_CHILLGUYUSD,CHILLGUY,Meme,2025-02-08 03:03:05+00:00,2026-07-17 00:00:00+00:00,5,2025-02-28 00:00:00+00:00,2025-12-31 00:00:00+00:00,307,45,78,229,30,c01_mechanism_proof_top100_close_based_proxy_v1_20260717,768b09c731a728e31ce1d882862878c698cbf19e6883b1d0fe02505edb619f15,False,False,False
PF_CHRUSD,CHR,DeFi,2024-12-07 02:16:51+00:00,2026-07-17 00:00:00+00:00,6,2024-12-27 00:00:00+00:00,2025-12-31 00:00:00+00:00,370,0,127,237,30,c01_mechanism_proof_top100_close_based_proxy_v1_20260717,768b09c731a728e31ce1d882862878c698cbf19e6883b1d0fe02505edb619f15,False,False,False
PF_CHZUSD,CHZ,Community,2023-02-23 08:48:16+00:00,2026-07-17 00:00:00+00:00,9,2023-03-15 00:00:00+00:00,2025-12-31 00:00:00+00:00,1023,784,27,159,30,c01_mechanism_proof_top100_close_based_proxy_v1_20260717,768b09c731a728e31ce1d882862878c698cbf19e6883b1d0fe02505edb619f15,False,False,False
PF_CKBUSD,CKB,Web3,2024-12-07 02:16:51+00:00,2026-07-17 00:00:00+00:00,6,2024-12-27 00:00:00+00:00,2025-12-31 00:00:00+00:00,370,0,132,251,30,c01_mechanism_proof_top100_close_based_proxy_v1_20260717,768b09c731a728e31ce1d882862878c698cbf19e6883b1d0fe02505edb619f15,False,False,False
PF_COMPUSD,COMP,DeFi,2023-02-23 08:48:16+00:00,2026-07-17 00:00:00+00:00,9,2023-03-15 00:00:00+00:00,2025-12-31 00:00:00+00:00,1023,878,17,157,30,c01_mechanism_proof_top100_close_based_proxy_v1_20260717,768b09c731a728e31ce1d882862878c698cbf19e6883b1d0fe02505edb619f15,False,False,False
PF_COOKIEUSD,COOKIE,AI,2025-02-08 03:03:05+00:00,2026-07-17 00:00:00+00:00,5,2025-02-28 00:00:00+00:00,2025-12-31 00:00:00+00:00,307,17,85,234,30,c01_mechanism_proof_top100_close_based_proxy_v1_20260717,768b09c731a728e31ce1d882862878c698cbf19e6883b1d0fe02505edb619f15,False,False,False
PF_COTIUSD,COTI,DeFi,2024-12-07 02:16:51+00:00,2026-07-17 00:00:00+00:00,6,2024-12-27 00:00:00+00:00,2025-12-31 00:00:00+00:00,370,2,100,185,30,c01_mechanism_proof_top100_close_based_proxy_v1_20260717,768b09c731a728e31ce1d882862878c698cbf19e6883b1d0fe02505edb619f15,False,False,False
PF_COWUSD,COW,DeFi,2024-12-07 02:16:51+00:00,2026-07-17 00:00:00+00:00,6,2024-12-27 00:00:00+00:00,2025-12-31 00:00:00+00:00,370,24,77,253,30,c01_mechanism_proof_top100_close_based_proxy_v1_20260717,768b09c731a728e31ce1d882862878c698cbf19e6883b1d0fe02505edb619f15,False,False,False
PF_CROUSD,CRO,Layer 1,2025-02-08 03:03:05+00:00,2026-07-17 00:00:00+00:00,5,2025-02-28 00:00:00+00:00,2025-12-31 00:00:00+00:00,307,109,59,166,30,c01_mechanism_proof_top100_close_based_proxy_v1_20260717,768b09c731a728e31ce1d882862878c698cbf19e6883b1d0fe02505edb619f15,False,False,False
PF_CRVUSD,CRV,DeFi,2023-02-23 08:48:16+00:00,2026-07-17 00:00:00+00:00,9,2023-03-15 00:00:00+00:00,2025-12-31 00:00:00+00:00,1023,1023,2,45,30,c01_mechanism_proof_top100_close_based_proxy_v1_20260717,768b09c731a728e31ce1d882862878c698cbf19e6883b1d0fe02505edb619f15,False,False,False
PF_CTSIUSD,CTSI,DeFi,2024-12-07 02:16:51+00:00,2026-07-17 00:00:00+00:00,6,2024-12-27 00:00:00+00:00,2025-12-31 00:00:00+00:00,370,14,82,237,30,c01_mechanism_proof_top100_close_based_proxy_v1_20260717,768b09c731a728e31ce1d882862878c698cbf19e6883b1d0fe02505edb619f15,False,False,False
PF_CVXUSD,CVX,DeFi,2023-12-10 00:16:14+00:00,2026-07-17 00:00:00+00:00,8,2023-12-30 00:00:00+00:00,2025-12-31 00:00:00+00:00,733,495,39,182,30,c01_mechanism_proof_top100_close_based_proxy_v1_20260717,768b09c731a728e31ce1d882862878c698cbf19e6883b1d0fe02505edb619f15,False,False,False
PF_CYBERUSD,CYBER,Web3,2024-12-07 02:16:51+00:00,2026-07-17 00:00:00+00:00,6,2024-12-27 00:00:00+00:00,2025-12-31 00:00:00+00:00,370,0,141,244,30,c01_mechanism_proof_top100_close_based_proxy_v1_20260717,768b09c731a728e31ce1d882862878c698cbf19e6883b1d0fe02505edb619f15,False,False,False
PF_DASHUSD,DASH,Layer 1,2023-02-23 08:48:16+00:00,2026-07-17 00:00:00+00:00,9,2023-03-15 00:00:00+00:00,2025-12-31 00:00:00+00:00,1023,897,17,142,30,c01_mechanism_proof_top100_close_based_proxy_v1_20260717,768b09c731a728e31ce1d882862878c698cbf19e6883b1d0fe02505edb619f15,False,False,False
PF_DEEPUSD,DEEP,DeFi,2024-12-07 02:16:51+00:00,2026-07-17 00:00:00+00:00,6,2024-12-27 00:00:00+00:00,2025-12-31 00:00:00+00:00,370,80,75,250,30,c01_mechanism_proof_top100_close_based_proxy_v1_20260717,768b09c731a728e31ce1d882862878c698cbf19e6883b1d0fe02505edb619f15,False,False,False
PF_DEGENUSD,DEGEN,Meme,2024-12-07 02:16:51+00:00,2026-07-17 00:00:00+00:00,6,2024-12-27 00:00:00+00:00,2025-12-31 00:00:00+00:00,370,65,73,205,30,c01_mechanism_proof_top100_close_based_proxy_v1_20260717,768b09c731a728e31ce1d882862878c698cbf19e6883b1d0fe02505edb619f15,False,False,False
PF_DENTUSD,DENT,DePIN,2024-12-07 02:16:51+00:00,2026-07-17 00:00:00+00:00,6,2024-12-27 00:00:00+00:00,2025-12-31 00:00:00+00:00,370,0,145,245,30,c01_mechanism_proof_top100_close_based_proxy_v1_20260717,768b09c731a728e31ce1d882862878c698cbf19e6883b1d0fe02505edb619f15,False,False,False
PF_DEXEUSD,DEXE,AI,2025-02-08 03:03:05+00:00,2026-07-17 00:00:00+00:00,5,2025-02-28 00:00:00+00:00,2025-12-31 00:00:00+00:00,307,0,109,250,30,c01_mechanism_proof_top100_close_based_proxy_v1_20260717,768b09c731a728e31ce1d882862878c698cbf19e6883b1d0fe02505edb619f15,False,False,False
PF_DOGEUSD,DOGE,Community,2023-02-23 08:48:16+00:00,2026-07-17 00:00:00+00:00,9,2023-03-15 00:00:00+00:00,2025-12-31 00:00:00+00:00,1023,1023,2,12,30,c01_mechanism_proof_top100_close_based_proxy_v1_20260717,768b09c731a728e31ce1d882862878c698cbf19e6883b1d0fe02505edb619f15,False,False,False
PF_DOGSUSD,DOGS,Meme,2024-12-07 02:16:51+00:00,2026-07-17 00:00:00+00:00,6,2024-12-27 00:00:00+00:00,2025-12-31 00:00:00+00:00,370,0,121,233,30,c01_mechanism_proof_top100_close_based_proxy_v1_20260717,768b09c731a728e31ce1d882862878c698cbf19e6883b1d0fe02505edb619f15,False,False,False
PF_DOGUSD,DOG,Meme,2024-12-07 02:16:51+00:00,2026-07-17 00:00:00+00:00,6,2024-12-27 00:00:00+00:00,2025-12-31 00:00:00+00:00,370,175,39,214,30,c01_mechanism_proof_top100_close_based_proxy_v1_20260717,768b09c731a728e31ce1d882862878c698cbf19e6883b1d0fe02505edb619f15,False,False,False
PF_DOTUSD,DOT,Layer 1,2023-02-23 08:48:16+00:00,2026-07-17 00:00:00+00:00,9,2023-03-15 00:00:00+00:00,2025-12-31 00:00:00+00:00,1023,1023,3,29,30,c01_mechanism_proof_top100_close_based_proxy_v1_20260717,768b09c731a728e31ce1d882862878c698cbf19e6883b1d0fe02505edb619f15,False,False,False
PF_DYDXUSD,DYDX,DeFi,2023-02-23 08:48:16+00:00,2026-07-17 00:00:00+00:00,9,2023-03-15 00:00:00+00:00,2025-12-31 00:00:00+00:00,1023,1023,13,97,30,c01_mechanism_proof_top100_close_based_proxy_v1_20260717,768b09c731a728e31ce1d882862878c698cbf19e6883b1d0fe02505edb619f15,False,False,False
PF_DYMUSD,DYM,DeFi,2024-04-17 12:34:20+00:00,2026-07-17 00:00:00+00:00,7,2024-05-07 00:00:00+00:00,2025-12-31 00:00:00+00:00,604,257,37,189,30,c01_mechanism_proof_top100_close_based_proxy_v1_20260717,768b09c731a728e31ce1d882862878c698cbf19e6883b1d0fe02505edb619f15,False,False,False
PF_EGLDUSD,EGLD,Layer 1,2023-02-23 08:48:16+00:00,2026-07-17 00:00:00+00:00,9,2023-03-15 00:00:00+00:00,2025-12-31 00:00:00+00:00,1023,713,33,172,30,c01_mechanism_proof_top100_close_based_proxy_v1_20260717,768b09c731a728e31ce1d882862878c698cbf19e6883b1d0fe02505edb619f15,False,False,False
PF_EIGENUSD,EIGEN,DeFi,2024-12-07 02:16:51+00:00,2026-07-17 00:00:00+00:00,6,2024-12-27 00:00:00+00:00,2025-12-31 00:00:00+00:00,370,191,53,139,30,c01_mechanism_proof_top100_close_based_proxy_v1_20260717,768b09c731a728e31ce1d882862878c698cbf19e6883b1d0fe02505edb619f15,False,False,False
PF_ENAUSD,ENA,DeFi,2024-12-07 02:16:51+00:00,2026-07-17 00:00:00+00:00,6,2024-12-27 00:00:00+00:00,2025-12-31 00:00:00+00:00,370,370,11,47,30,c01_mechanism_proof_top100_close_based_proxy_v1_20260717,768b09c731a728e31ce1d882862878c698cbf19e6883b1d0fe02505edb619f15,False,False,False
PF_ENSUSD,ENS,DeFi,2023-02-23 08:48:16+00:00,2026-07-17 00:00:00+00:00,9,2023-03-15 00:00:00+00:00,2025-12-31 00:00:00+00:00,1023,1007,14,113,30,c01_mechanism_proof_top100_close_based_proxy_v1_20260717,768b09c731a728e31ce1d882862878c698cbf19e6883b1d0fe02505edb619f15,False,False,False
PF_ETCUSD,ETC,Layer 1,2023-02-23 08:48:16+00:00,2026-07-17 00:00:00+00:00,9,2023-03-15 00:00:00+00:00,2025-12-31 00:00:00+00:00,1023,931,26,116,30,c01_mechanism_proof_top100_close_based_proxy_v1_20260717,768b09c731a728e31ce1d882862878c698cbf19e6883b1d0fe02505edb619f15,False,False,False
PF_ETHFIUSD,ETHFI,DeFi,2024-12-07 02:16:51+00:00,2026-07-17 00:00:00+00:00,6,2024-12-27 00:00:00+00:00,2025-12-31 00:00:00+00:00,370,286,51,121,30,c01_mechanism_proof_top100_close_based_proxy_v1_20260717,768b09c731a728e31ce1d882862878c698cbf19e6883b1d0fe02505edb619f15,False,False,False
PF_ETHWUSD,ETHW,Layer 1,2023-02-23 08:48:16+00:00,2026-07-17 00:00:00+00:00,9,2023-03-15 00:00:00+00:00,2025-12-31 00:00:00+00:00,1023,626,46,246,30,c01_mechanism_proof_top100_close_based_proxy_v1_20260717,768b09c731a728e31ce1d882862878c698cbf19e6883b1d0fe02505edb619f15,False,False,False
PF_FARTCOINUSD,FARTCOIN,Meme,2025-02-08 03:03:05+00:00,2026-07-17 00:00:00+00:00,5,2025-02-28 00:00:00+00:00,2025-12-31 00:00:00+00:00,307,307,6,22,30,c01_mechanism_proof_top100_close_based_proxy_v1_20260717,768b09c731a728e31ce1d882862878c698cbf19e6883b1d0fe02505edb619f15,False,False,False
PF_FETUSD,FET,AI,2023-12-10 00:16:14+00:00,2026-07-17 00:00:00+00:00,8,2023-12-30 00:00:00+00:00,2025-12-31 00:00:00+00:00,733,561,4,104,30,c01_mechanism_proof_top100_close_based_proxy_v1_20260717,768b09c731a728e31ce1d882862878c698cbf19e6883b1d0fe02505edb619f15,False,False,False
PF_FILUSD,FIL,DeFi,2023-02-23 08:48:16+00:00,2026-07-17 00:00:00+00:00,9,2023-03-15 00:00:00+00:00,2025-12-31 00:00:00+00:00,1023,1023,5,43,30,c01_mechanism_proof_top100_close_based_proxy_v1_20260717,768b09c731a728e31ce1d882862878c698cbf19e6883b1d0fe02505edb619f15,False,False,False
PF_FLOKIUSD,FLOKI,Community,2024-12-07 02:16:51+00:00,2026-07-17 00:00:00+00:00,6,2024-12-27 00:00:00+00:00,2025-12-31 00:00:00+00:00,370,370,35,88,30,c01_mechanism_proof_top100_close_based_proxy_v1_20260717,768b09c731a728e31ce1d882862878c698cbf19e6883b1d0fe02505edb619f15,False,False,False
PF_FLOWUSD,FLOW,Layer 1,2023-02-23 08:48:16+00:00,2026-07-17 00:00:00+00:00,9,2023-03-15 00:00:00+00:00,2025-12-31 00:00:00+00:00,1023,653,33,223,30,c01_mechanism_proof_top100_close_based_proxy_v1_20260717,768b09c731a728e31ce1d882862878c698cbf19e6883b1d0fe02505edb619f15,False,False,False
PF_FLRUSD,FLR,Layer 1,2023-02-23 08:48:16+00:00,2026-07-17 00:00:00+00:00,9,2023-03-15 00:00:00+00:00,2025-12-31 00:00:00+00:00,1023,653,32,224,30,c01_mechanism_proof_top100_close_based_proxy_v1_20260717,768b09c731a728e31ce1d882862878c698cbf19e6883b1d0fe02505edb619f15,False,False,False
PF_FLUXUSD,FLUX,AI,2024-12-07 02:16:51+00:00,2026-07-17 00:00:00+00:00,6,2024-12-27 00:00:00+00:00,2025-12-31 00:00:00+00:00,370,0,148,240,30,c01_mechanism_proof_top100_close_based_proxy_v1_20260717,768b09c731a728e31ce1d882862878c698cbf19e6883b1d0fe02505edb619f15,False,False,False
PF_GALAUSD,GALA,Gaming,2023-02-23 08:48:16+00:00,2026-07-17 00:00:00+00:00,9,2023-03-15 00:00:00+00:00,2025-12-31 00:00:00+00:00,1023,1023,14,70,30,c01_mechanism_proof_top100_close_based_proxy_v1_20260717,768b09c731a728e31ce1d882862878c698cbf19e6883b1d0fe02505edb619f15,False,False,False
PF_GASUSD,GAS,Layer 1,2024-12-07 02:16:51+00:00,2026-07-17 00:00:00+00:00,6,2024-12-27 00:00:00+00:00,2025-12-31 00:00:00+00:00,370,0,138,248,30,c01_mechanism_proof_top100_close_based_proxy_v1_20260717,768b09c731a728e31ce1d882862878c698cbf19e6883b1d0fe02505edb619f15,False,False,False
PF_GIGAUSD,GIGA,Meme,2025-02-08 03:03:05+00:00,2026-07-17 00:00:00+00:00,5,2025-02-28 00:00:00+00:00,2025-12-31 00:00:00+00:00,307,16,84,187,30,c01_mechanism_proof_top100_close_based_proxy_v1_20260717,768b09c731a728e31ce1d882862878c698cbf19e6883b1d0fe02505edb619f15,False,False,False
PF_GMTUSD,GMT,Gaming,2023-02-23 08:48:16+00:00,2026-07-17 00:00:00+00:00,9,2023-03-15 00:00:00+00:00,2025-12-31 00:00:00+00:00,1023,816,22,170,30,c01_mechanism_proof_top100_close_based_proxy_v1_20260717,768b09c731a728e31ce1d882862878c698cbf19e6883b1d0fe02505edb619f15,False,False,False
PF_GMXUSD,GMX,DeFi,2023-12-10 00:16:14+00:00,2026-07-17 00:00:00+00:00,8,2023-12-30 00:00:00+00:00,2025-12-31 00:00:00+00:00,733,409,32,178,30,c01_mechanism_proof_top100_close_based_proxy_v1_20260717,768b09c731a728e31ce1d882862878c698cbf19e6883b1d0fe02505edb619f15,False,False,False
PF_GOATUSD,GOAT,Meme,2024-12-07 02:16:51+00:00,2026-07-17 00:00:00+00:00,6,2024-12-27 00:00:00+00:00,2025-12-31 00:00:00+00:00,370,370,14,83,30,c01_mechanism_proof_top100_close_based_proxy_v1_20260717,768b09c731a728e31ce1d882862878c698cbf19e6883b1d0fe02505edb619f15,False,False,False
PF_GPSUSD,GPS,Web3,2025-03-23 23:24:48+00:00,2026-07-17 00:00:00+00:00,4,2025-04-12 00:00:00+00:00,2025-12-31 00:00:00+00:00,264,0,155,246,30,c01_mechanism_proof_top100_close_based_proxy_v1_20260717,768b09c731a728e31ce1d882862878c698cbf19e6883b1d0fe02505edb619f15,False,False,False
PF_GRASSUSD,GRASS,DePIN,2024-12-07 02:16:51+00:00,2026-07-17 00:00:00+00:00,6,2024-12-27 00:00:00+00:00,2025-12-31 00:00:00+00:00,370,296,54,116,30,c01_mechanism_proof_top100_close_based_proxy_v1_20260717,768b09c731a728e31ce1d882862878c698cbf19e6883b1d0fe02505edb619f15,False,False,False
PF_GRIFFAINUSD,GRIFFAIN,AI,2025-02-08 03:03:05+00:00,2026-07-17 00:00:00+00:00,5,2025-02-28 00:00:00+00:00,2025-12-31 00:00:00+00:00,307,237,57,150,30,c01_mechanism_proof_top100_close_based_proxy_v1_20260717,768b09c731a728e31ce1d882862878c698cbf19e6883b1d0fe02505edb619f15,False,False,False
PF_GRTUSD,GRT,DeFi,2023-02-23 08:48:16+00:00,2026-07-17 00:00:00+00:00,9,2023-03-15 00:00:00+00:00,2025-12-31 00:00:00+00:00,1023,856,16,135,30,c01_mechanism_proof_top100_close_based_proxy_v1_20260717,768b09c731a728e31ce1d882862878c698cbf19e6883b1d0fe02505edb619f15,False,False,False
PF_GTCUSD,GTC,Community,2024-12-07 02:16:51+00:00,2026-07-17 00:00:00+00:00,6,2024-12-27 00:00:00+00:00,2025-12-31 00:00:00+00:00,370,0,157,253,30,c01_mechanism_proof_top100_close_based_proxy_v1_20260717,768b09c731a728e31ce1d882862878c698cbf19e6883b1d0fe02505edb619f15,False,False,False
PF_HAEDALUSD,HAEDAL,DeFi,2025-06-17 05:47:15+00:00,2026-07-17 00:00:00+00:00,3,2025-07-07 00:00:00+00:00,2025-12-31 00:00:00+00:00,178,0,177,253,30,c01_mechanism_proof_top100_close_based_proxy_v1_20260717,768b09c731a728e31ce1d882862878c698cbf19e6883b1d0fe02505edb619f15,False,False,False
PF_HBARUSD,HBAR,Layer 1,2024-12-07 02:16:51+00:00,2026-07-17 00:00:00+00:00,6,2024-12-27 00:00:00+00:00,2025-12-31 00:00:00+00:00,370,370,20,53,30,c01_mechanism_proof_top100_close_based_proxy_v1_20260717,768b09c731a728e31ce1d882862878c698cbf19e6883b1d0fe02505edb619f15,False,False,False
PF_HFTUSD,HFT,DeFi,2023-12-10 00:16:14+00:00,2026-07-17 00:00:00+00:00,8,2023-12-30 00:00:00+00:00,2025-12-31 00:00:00+00:00,733,299,58,188,30,c01_mechanism_proof_top100_close_based_proxy_v1_20260717,768b09c731a728e31ce1d882862878c698cbf19e6883b1d0fe02505edb619f15,False,False,False
PF_HIGHUSD,HIGH,Web3,2024-12-07 02:16:51+00:00,2026-07-17 00:00:00+00:00,6,2024-12-27 00:00:00+00:00,2025-12-31 00:00:00+00:00,370,0,128,252,30,c01_mechanism_proof_top100_close_based_proxy_v1_20260717,768b09c731a728e31ce1d882862878c698cbf19e6883b1d0fe02505edb619f15,False,False,False
PF_HMSTRUSD,HMSTR,Gaming,2024-12-07 02:16:51+00:00,2026-07-17 00:00:00+00:00,6,2024-12-27 00:00:00+00:00,2025-12-31 00:00:00+00:00,370,0,150,242,30,c01_mechanism_proof_top100_close_based_proxy_v1_20260717,768b09c731a728e31ce1d882862878c698cbf19e6883b1d0fe02505edb619f15,False,False,False
PF_HYPEUSD,HYPE,DEX,2025-02-08 03:03:05+00:00,2026-07-17 00:00:00+00:00,5,2025-02-28 00:00:00+00:00,2025-12-31 00:00:00+00:00,307,307,15,72,30,c01_mechanism_proof_top100_close_based_proxy_v1_20260717,768b09c731a728e31ce1d882862878c698cbf19e6883b1d0fe02505edb619f15,False,False,False
PF_ICPUSD,ICP,Layer 1,2023-02-23 08:48:16+00:00,2026-07-17 00:00:00+00:00,9,2023-03-15 00:00:00+00:00,2025-12-31 00:00:00+00:00,1023,1023,7,56,30,c01_mechanism_proof_top100_close_based_proxy_v1_20260717,768b09c731a728e31ce1d882862878c698cbf19e6883b1d0fe02505edb619f15,False,False,False
PF_ICXUSD,ICX,DeFi,2023-02-23 08:48:16+00:00,2026-07-17 00:00:00+00:00,9,2023-03-15 00:00:00+00:00,2025-12-31 00:00:00+00:00,1023,653,18,252,30,c01_mechanism_proof_top100_close_based_proxy_v1_20260717,768b09c731a728e31ce1d882862878c698cbf19e6883b1d0fe02505edb619f15,False,False,False
PF_IDUSD,ID,NFT,2025-03-23 23:24:48+00:00,2026-07-17 00:00:00+00:00,4,2025-04-12 00:00:00+00:00,2025-12-31 00:00:00+00:00,264,0,146,249,30,c01_mechanism_proof_top100_close_based_proxy_v1_20260717,768b09c731a728e31ce1d882862878c698cbf19e6883b1d0fe02505edb619f15,False,False,False
PF_IMXUSD,IMX,Layer 2,2023-02-23 08:48:16+00:00,2026-07-17 00:00:00+00:00,9,2023-03-15 00:00:00+00:00,2025-12-31 00:00:00+00:00,1023,796,12,134,30,c01_mechanism_proof_top100_close_based_proxy_v1_20260717,768b09c731a728e31ce1d882862878c698cbf19e6883b1d0fe02505edb619f15,False,False,False
PF_INITUSD,INIT,DeFi,2025-06-17 05:47:15+00:00,2026-07-17 00:00:00+00:00,3,2025-07-07 00:00:00+00:00,2025-12-31 00:00:00+00:00,178,0,167,217,30,c01_mechanism_proof_top100_close_based_proxy_v1_20260717,768b09c731a728e31ce1d882862878c698cbf19e6883b1d0fe02505edb619f15,False,False,False
PF_INJUSD,INJ,Layer 2,2023-12-10 00:16:14+00:00,2026-07-17 00:00:00+00:00,8,2023-12-30 00:00:00+00:00,2025-12-31 00:00:00+00:00,733,733,5,45,30,c01_mechanism_proof_top100_close_based_proxy_v1_20260717,768b09c731a728e31ce1d882862878c698cbf19e6883b1d0fe02505edb619f15,False,False,False
PF_IOSTUSD,IOST,Web3,2025-02-08 03:03:05+00:00,2026-07-17 00:00:00+00:00,5,2025-02-28 00:00:00+00:00,2025-12-31 00:00:00+00:00,307,0,108,241,30,c01_mechanism_proof_top100_close_based_proxy_v1_20260717,768b09c731a728e31ce1d882862878c698cbf19e6883b1d0fe02505edb619f15,False,False,False
PF_IOTAUSD,IOTA,Layer 1,2024-12-07 02:16:51+00:00,2026-07-17 00:00:00+00:00,6,2024-12-27 00:00:00+00:00,2025-12-31 00:00:00+00:00,370,12,96,210,30,c01_mechanism_proof_top100_close_based_proxy_v1_20260717,768b09c731a728e31ce1d882862878c698cbf19e6883b1d0fe02505edb619f15,False,False,False
PF_IOTXUSD,IOTX,DePIN,2025-02-08 03:03:05+00:00,2026-07-17 00:00:00+00:00,5,2025-02-28 00:00:00+00:00,2025-12-31 00:00:00+00:00,307,0,101,227,30,c01_mechanism_proof_top100_close_based_proxy_v1_20260717,768b09c731a728e31ce1d882862878c698cbf19e6883b1d0fe02505edb619f15,False,False,False
PF_IOUSD,IO,AI,2025-02-08 03:03:05+00:00,2026-07-17 00:00:00+00:00,5,2025-02-28 00:00:00+00:00,2025-12-31 00:00:00+00:00,307,5,98,220,30,c01_mechanism_proof_top100_close_based_proxy_v1_20260717,768b09c731a728e31ce1d882862878c698cbf19e6883b1d0fe02505edb619f15,False,False,False
PF_IPUSD,IP,Layer 1,2025-03-23 23:24:48+00:00,2026-07-17 00:00:00+00:00,4,2025-04-12 00:00:00+00:00,2025-12-31 00:00:00+00:00,264,132,62,121,30,c01_mechanism_proof_top100_close_based_proxy_v1_20260717,768b09c731a728e31ce1d882862878c698cbf19e6883b1d0fe02505edb619f15,False,False,False
PF_JASMYUSD,JASMY,Web3,2023-12-10 00:16:14+00:00,2026-07-17 00:00:00+00:00,8,2023-12-30 00:00:00+00:00,2025-12-31 00:00:00+00:00,733,733,25,83,30,c01_mechanism_proof_top100_close_based_proxy_v1_20260717,768b09c731a728e31ce1d882862878c698cbf19e6883b1d0fe02505edb619f15,False,False,False
PF_JTOUSD,JTO,DeFi,2024-04-17 12:34:20+00:00,2026-07-17 00:00:00+00:00,7,2024-05-07 00:00:00+00:00,2025-12-31 00:00:00+00:00,604,551,25,135,30,c01_mechanism_proof_top100_close_based_proxy_v1_20260717,768b09c731a728e31ce1d882862878c698cbf19e6883b1d0fe02505edb619f15,False,False,False
PF_JUPUSD,JUP,DeFi,2024-04-17 12:34:20+00:00,2026-07-17 00:00:00+00:00,7,2024-05-07 00:00:00+00:00,2025-12-31 00:00:00+00:00,604,604,25,86,30,c01_mechanism_proof_top100_close_based_proxy_v1_20260717,768b09c731a728e31ce1d882862878c698cbf19e6883b1d0fe02505edb619f15,False,False,False
PF_KAIAUSD,KAIA,Layer 1,2024-12-07 02:16:51+00:00,2026-07-17 00:00:00+00:00,6,2024-12-27 00:00:00+00:00,2025-12-31 00:00:00+00:00,370,21,85,253,30,c01_mechanism_proof_top100_close_based_proxy_v1_20260717,768b09c731a728e31ce1d882862878c698cbf19e6883b1d0fe02505edb619f15,False,False,False
PF_KAITOUSD,KAITO,AI,2025-03-23 23:24:48+00:00,2026-07-17 00:00:00+00:00,4,2025-04-12 00:00:00+00:00,2025-12-31 00:00:00+00:00,264,125,45,171,30,c01_mechanism_proof_top100_close_based_proxy_v1_20260717,768b09c731a728e31ce1d882862878c698cbf19e6883b1d0fe02505edb619f15,False,False,False
PF_KASUSD,KAS,Layer 1,2024-04-17 12:34:20+00:00,2026-07-17 00:00:00+00:00,7,2024-05-07 00:00:00+00:00,2025-12-31 00:00:00+00:00,604,604,22,59,30,c01_mechanism_proof_top100_close_based_proxy_v1_20260717,768b09c731a728e31ce1d882862878c698cbf19e6883b1d0fe02505edb619f15,False,False,False
PF_KAVAUSD,KAVA,DeFi,2023-02-23 08:48:16+00:00,2026-07-17 00:00:00+00:00,9,2023-03-15 00:00:00+00:00,2025-12-31 00:00:00+00:00,1023,789,17,147,30,c01_mechanism_proof_top100_close_based_proxy_v1_20260717,768b09c731a728e31ce1d882862878c698cbf19e6883b1d0fe02505edb619f15,False,False,False
PF_KOMAUSD,KOMA,Meme,2025-02-08 03:03:05+00:00,2026-07-17 00:00:00+00:00,5,2025-02-28 00:00:00+00:00,2025-12-31 00:00:00+00:00,307,0,109,250,30,c01_mechanism_proof_top100_close_based_proxy_v1_20260717,768b09c731a728e31ce1d882862878c698cbf19e6883b1d0fe02505edb619f15,False,False,False
PF_KSMUSD,KSM,Layer 1,2023-02-23 08:48:16+00:00,2026-07-17 00:00:00+00:00,9,2023-03-15 00:00:00+00:00,2025-12-31 00:00:00+00:00,1023,895,34,128,30,c01_mechanism_proof_top100_close_based_proxy_v1_20260717,768b09c731a728e31ce1d882862878c698cbf19e6883b1d0fe02505edb619f15,False,False,False
PF_LAYERUSD,LAYER,Layer 1,2025-03-23 23:24:48+00:00,2026-07-17 00:00:00+00:00,4,2025-04-12 00:00:00+00:00,2025-12-31 00:00:00+00:00,264,0,113,247,30,c01_mechanism_proof_top100_close_based_proxy_v1_20260717,768b09c731a728e31ce1d882862878c698cbf19e6883b1d0fe02505edb619f15,False,False,False
PF_LDOUSD,LDO,DeFi,2023-12-10 00:16:14+00:00,2026-07-17 00:00:00+00:00,8,2023-12-30 00:00:00+00:00,2025-12-31 00:00:00+00:00,733,733,13,66,30,c01_mechanism_proof_top100_close_based_proxy_v1_20260717,768b09c731a728e31ce1d882862878c698cbf19e6883b1d0fe02505edb619f15,False,False,False
PF_LINKUSD,LINK,DeFi,2023-02-23 08:48:16+00:00,2026-07-17 00:00:00+00:00,9,2023-03-15 00:00:00+00:00,2025-12-31 00:00:00+00:00,1023,1023,3,16,30,c01_mechanism_proof_top100_close_based_proxy_v1_20260717,768b09c731a728e31ce1d882862878c698cbf19e6883b1d0fe02505edb619f15,False,False,False
PF_LPTUSD,LPT,Community,2023-02-23 08:48:16+00:00,2026-07-17 00:00:00+00:00,9,2023-03-15 00:00:00+00:00,2025-12-31 00:00:00+00:00,1023,968,13,123,30,c01_mechanism_proof_top100_close_based_proxy_v1_20260717,768b09c731a728e31ce1d882862878c698cbf19e6883b1d0fe02505edb619f15,False,False,False
PF_LQTYUSD,LQTY,DeFi,2024-12-07 02:16:51+00:00,2026-07-17 00:00:00+00:00,6,2024-12-27 00:00:00+00:00,2025-12-31 00:00:00+00:00,370,0,146,246,30,c01_mechanism_proof_top100_close_based_proxy_v1_20260717,768b09c731a728e31ce1d882862878c698cbf19e6883b1d0fe02505edb619f15,False,False,False
PF_LRCUSD,LRC,DeFi,2023-02-23 08:48:16+00:00,2026-07-17 00:00:00+00:00,9,2023-03-15 00:00:00+00:00,2025-12-31 00:00:00+00:00,1023,653,32,192,30,c01_mechanism_proof_top100_close_based_proxy_v1_20260717,768b09c731a728e31ce1d882862878c698cbf19e6883b1d0fe02505edb619f15,False,False,False
PF_LSKUSD,LSK,DeFi,2024-04-17 12:34:20+00:00,2026-07-17 00:00:00+00:00,7,2024-05-07 00:00:00+00:00,2025-12-31 00:00:00+00:00,604,232,78,231,30,c01_mechanism_proof_top100_close_based_proxy_v1_20260717,768b09c731a728e31ce1d882862878c698cbf19e6883b1d0fe02505edb619f15,False,False,False
PF_LTCUSD,LTC,Layer 1,2023-02-23 08:48:16+00:00,2026-07-17 00:00:00+00:00,9,2023-03-15 00:00:00+00:00,2025-12-31 00:00:00+00:00,1023,1023,1,26,30,c01_mechanism_proof_top100_close_based_proxy_v1_20260717,768b09c731a728e31ce1d882862878c698cbf19e6883b1d0fe02505edb619f15,False,False,False
PF_LUNA2USD,LUNA2,Layer 1,2023-02-23 08:48:16+00:00,2026-07-17 00:00:00+00:00,9,2023-03-15 00:00:00+00:00,2025-12-31 00:00:00+00:00,1023,683,38,251,30,c01_mechanism_proof_top100_close_based_proxy_v1_20260717,768b09c731a728e31ce1d882862878c698cbf19e6883b1d0fe02505edb619f15,False,False,False
PF_MANAUSD,MANA,Community,2023-02-23 08:48:16+00:00,2026-07-17 00:00:00+00:00,9,2023-03-15 00:00:00+00:00,2025-12-31 00:00:00+00:00,1023,1023,15,86,30,c01_mechanism_proof_top100_close_based_proxy_v1_20260717,768b09c731a728e31ce1d882862878c698cbf19e6883b1d0fe02505edb619f15,False,False,False
PF_MELANIAUSD,MELANIA,Meme,2025-02-08 03:03:05+00:00,2026-07-17 00:00:00+00:00,5,2025-02-28 00:00:00+00:00,2025-12-31 00:00:00+00:00,307,274,38,106,30,c01_mechanism_proof_top100_close_based_proxy_v1_20260717,768b09c731a728e31ce1d882862878c698cbf19e6883b1d0fe02505edb619f15,False,False,False
PF_METISUSD,METIS,Layer 2,2024-12-07 02:16:51+00:00,2026-07-17 00:00:00+00:00,6,2024-12-27 00:00:00+00:00,2025-12-31 00:00:00+00:00,370,0,127,249,30,c01_mechanism_proof_top100_close_based_proxy_v1_20260717,768b09c731a728e31ce1d882862878c698cbf19e6883b1d0fe02505edb619f15,False,False,False
PF_MEUSD,ME,NFT,2025-02-08 03:03:05+00:00,2026-07-17 00:00:00+00:00,5,2025-02-28 00:00:00+00:00,2025-12-31 00:00:00+00:00,307,0,161,250,30,c01_mechanism_proof_top100_close_based_proxy_v1_20260717,768b09c731a728e31ce1d882862878c698cbf19e6883b1d0fe02505edb619f15,False,False,False
PF_MEWUSD,MEW,Meme,2024-12-07 02:16:51+00:00,2026-07-17 00:00:00+00:00,6,2024-12-27 00:00:00+00:00,2025-12-31 00:00:00+00:00,370,298,42,117,30,c01_mechanism_proof_top100_close_based_proxy_v1_20260717,768b09c731a728e31ce1d882862878c698cbf19e6883b1d0fe02505edb619f15,False,False,False
PF_MINAUSD,MINA,Layer 1,2023-02-23 08:48:16+00:00,2026-07-17 00:00:00+00:00,9,2023-03-15 00:00:00+00:00,2025-12-31 00:00:00+00:00,1023,676,21,167,30,c01_mechanism_proof_top100_close_based_proxy_v1_20260717,768b09c731a728e31ce1d882862878c698cbf19e6883b1d0fe02505edb619f15,False,False,False
PF_MNTUSD,MNT,Layer 2,2024-12-07 02:16:51+00:00,2026-07-17 00:00:00+00:00,4,2024-12-27 00:00:00+00:00,2025-12-31 00:00:00+00:00,370,49,57,249,30,c01_mechanism_proof_top100_close_based_proxy_v1_20260717,768b09c731a728e31ce1d882862878c698cbf19e6883b1d0fe02505edb619f15,False,False,False
PF_MOGUSD,MOG,Meme,2024-12-07 02:16:51+00:00,2026-07-17 00:00:00+00:00,6,2024-12-27 00:00:00+00:00,2025-12-31 00:00:00+00:00,370,101,73,230,30,c01_mechanism_proof_top100_close_based_proxy_v1_20260717,768b09c731a728e31ce1d882862878c698cbf19e6883b1d0fe02505edb619f15,False,False,False
PF_MOODENGUSD,MOODENG,Meme,2024-12-07 02:16:51+00:00,2026-07-17 00:00:00+00:00,6,2024-12-27 00:00:00+00:00,2025-12-31 00:00:00+00:00,370,370,9,68,30,c01_mechanism_proof_top100_close_based_proxy_v1_20260717,768b09c731a728e31ce1d882862878c698cbf19e6883b1d0fe02505edb619f15,False,False,False
PF_MORPHOUSD,MORPHO,DeFi,2024-12-07 02:16:51+00:00,2026-07-17 00:00:00+00:00,6,2024-12-27 00:00:00+00:00,2025-12-31 00:00:00+00:00,370,151,65,153,30,c01_mechanism_proof_top100_close_based_proxy_v1_20260717,768b09c731a728e31ce1d882862878c698cbf19e6883b1d0fe02505edb619f15,False,False,False
PF_MOVEUSD,MOVE,Layer 2,2025-02-08 03:03:05+00:00,2026-07-17 00:00:00+00:00,5,2025-02-28 00:00:00+00:00,2025-12-31 00:00:00+00:00,307,124,77,231,30,c01_mechanism_proof_top100_close_based_proxy_v1_20260717,768b09c731a728e31ce1d882862878c698cbf19e6883b1d0fe02505edb619f15,False,False,False
PF_MOVRUSD,MOVR,Web3,2024-12-07 02:16:51+00:00,2026-07-17 00:00:00+00:00,6,2024-12-27 00:00:00+00:00,2025-12-31 00:00:00+00:00,370,5,99,217,30,c01_mechanism_proof_top100_close_based_proxy_v1_20260717,768b09c731a728e31ce1d882862878c698cbf19e6883b1d0fe02505edb619f15,False,False,False
PF_MTLUSD,MTL,Layer 2,2024-12-07 02:16:51+00:00,2026-07-17 00:00:00+00:00,6,2024-12-27 00:00:00+00:00,2025-12-31 00:00:00+00:00,370,0,160,251,30,c01_mechanism_proof_top100_close_based_proxy_v1_20260717,768b09c731a728e31ce1d882862878c698cbf19e6883b1d0fe02505edb619f15,False,False,False
PF_MUBARAKUSD,MUBARAK,Meme,2025-06-17 05:47:15+00:00,2026-07-17 00:00:00+00:00,3,2025-07-07 00:00:00+00:00,2025-12-31 00:00:00+00:00,178,0,164,235,30,c01_mechanism_proof_top100_close_based_proxy_v1_20260717,768b09c731a728e31ce1d882862878c698cbf19e6883b1d0fe02505edb619f15,False,False,False
PF_NEARUSD,NEAR,Layer 1,2023-02-23 08:48:16+00:00,2026-07-17 00:00:00+00:00,9,2023-03-15 00:00:00+00:00,2025-12-31 00:00:00+00:00,1023,1023,7,51,30,c01_mechanism_proof_top100_close_based_proxy_v1_20260717,768b09c731a728e31ce1d882862878c698cbf19e6883b1d0fe02505edb619f15,False,False,False
PF_NEIROUSD,NEIRO,Meme,2024-12-07 02:16:51+00:00,2026-07-17 00:00:00+00:00,6,2024-12-27 00:00:00+00:00,2025-12-31 00:00:00+00:00,370,347,52,110,30,c01_mechanism_proof_top100_close_based_proxy_v1_20260717,768b09c731a728e31ce1d882862878c698cbf19e6883b1d0fe02505edb619f15,False,False,False
PF_NEOUSD,NEO,Layer 1,2024-12-07 02:16:51+00:00,2026-07-17 00:00:00+00:00,6,2024-12-27 00:00:00+00:00,2025-12-31 00:00:00+00:00,370,2,98,190,30,c01_mechanism_proof_top100_close_based_proxy_v1_20260717,768b09c731a728e31ce1d882862878c698cbf19e6883b1d0fe02505edb619f15,False,False,False
PF_NMRUSD,NMR,DeFi,2024-12-07 02:16:51+00:00,2026-07-17 00:00:00+00:00,6,2024-12-27 00:00:00+00:00,2025-12-31 00:00:00+00:00,370,81,61,199,30,c01_mechanism_proof_top100_close_based_proxy_v1_20260717,768b09c731a728e31ce1d882862878c698cbf19e6883b1d0fe02505edb619f15,False,False,False
PF_NOTUSD,NOT,Meme,2024-12-07 02:16:51+00:00,2026-07-17 00:00:00+00:00,6,2024-12-27 00:00:00+00:00,2025-12-31 00:00:00+00:00,370,104,77,180,30,c01_mechanism_proof_top100_close_based_proxy_v1_20260717,768b09c731a728e31ce1d882862878c698cbf19e6883b1d0fe02505edb619f15,False,False,False
PF_OGNUSD,OGN,Community,2023-02-23 08:48:16+00:00,2026-07-17 00:00:00+00:00,9,2023-03-15 00:00:00+00:00,2025-12-31 00:00:00+00:00,1023,545,30,240,30,c01_mechanism_proof_top100_close_based_proxy_v1_20260717,768b09c731a728e31ce1d882862878c698cbf19e6883b1d0fe02505edb619f15,False,False,False
PF_ONDOUSD,ONDO,DeFi,2024-04-17 12:34:20+00:00,2026-07-17 00:00:00+00:00,7,2024-05-07 00:00:00+00:00,2025-12-31 00:00:00+00:00,604,604,15,52,30,c01_mechanism_proof_top100_close_based_proxy_v1_20260717,768b09c731a728e31ce1d882862878c698cbf19e6883b1d0fe02505edb619f15,False,False,False
PF_ONEUSD,ONE,Layer 1,2025-02-08 03:03:05+00:00,2026-07-17 00:00:00+00:00,5,2025-02-28 00:00:00+00:00,2025-12-31 00:00:00+00:00,307,0,144,228,30,c01_mechanism_proof_top100_close_based_proxy_v1_20260717,768b09c731a728e31ce1d882862878c698cbf19e6883b1d0fe02505edb619f15,False,False,False
PF_ONGUSD,ONG,Utility,2024-12-07 02:16:51+00:00,2026-07-17 00:00:00+00:00,6,2024-12-27 00:00:00+00:00,2025-12-31 00:00:00+00:00,370,0,164,252,30,c01_mechanism_proof_top100_close_based_proxy_v1_20260717,768b09c731a728e31ce1d882862878c698cbf19e6883b1d0fe02505edb619f15,False,False,False
PF_ONTUSD,ONT,Utility,2024-12-07 02:16:51+00:00,2026-07-17 00:00:00+00:00,6,2024-12-27 00:00:00+00:00,2025-12-31 00:00:00+00:00,370,0,123,247,30,c01_mechanism_proof_top100_close_based_proxy_v1_20260717,768b09c731a728e31ce1d882862878c698cbf19e6883b1d0fe02505edb619f15,False,False,False
PF_OPUSD,OP,Layer 2,2023-02-23 08:48:16+00:00,2026-07-17 00:00:00+00:00,9,2023-03-15 00:00:00+00:00,2025-12-31 00:00:00+00:00,1023,1023,14,62,30,c01_mechanism_proof_top100_close_based_proxy_v1_20260717,768b09c731a728e31ce1d882862878c698cbf19e6883b1d0fe02505edb619f15,False,False,False
PF_ORCAUSD,ORCA,DeFi,2025-02-08 03:03:05+00:00,2026-07-17 00:00:00+00:00,5,2025-02-28 00:00:00+00:00,2025-12-31 00:00:00+00:00,307,0,123,242,30,c01_mechanism_proof_top100_close_based_proxy_v1_20260717,768b09c731a728e31ce1d882862878c698cbf19e6883b1d0fe02505edb619f15,False,False,False
PF_ORDIUSD,ORDI,Community,2024-04-17 12:34:20+00:00,2026-07-17 00:00:00+00:00,7,2024-05-07 00:00:00+00:00,2025-12-31 00:00:00+00:00,604,604,22,90,30,c01_mechanism_proof_top100_close_based_proxy_v1_20260717,768b09c731a728e31ce1d882862878c698cbf19e6883b1d0fe02505edb619f15,False,False,False
PF_OXTUSD,OXT,Infrastructure,2024-12-07 02:16:51+00:00,2026-07-17 00:00:00+00:00,6,2024-12-27 00:00:00+00:00,2025-12-31 00:00:00+00:00,370,0,159,246,30,c01_mechanism_proof_top100_close_based_proxy_v1_20260717,768b09c731a728e31ce1d882862878c698cbf19e6883b1d0fe02505edb619f15,False,False,False
PF_PENDLEUSD,PENDLE,DeFi,2024-12-07 02:16:51+00:00,2026-07-17 00:00:00+00:00,6,2024-12-27 00:00:00+00:00,2025-12-31 00:00:00+00:00,370,335,47,111,30,c01_mechanism_proof_top100_close_based_proxy_v1_20260717,768b09c731a728e31ce1d882862878c698cbf19e6883b1d0fe02505edb619f15,False,False,False
PF_PENGUUSD,PENGU,Meme,2025-02-08 03:03:05+00:00,2026-07-17 00:00:00+00:00,5,2025-02-28 00:00:00+00:00,2025-12-31 00:00:00+00:00,307,307,12,82,30,c01_mechanism_proof_top100_close_based_proxy_v1_20260717,768b09c731a728e31ce1d882862878c698cbf19e6883b1d0fe02505edb619f15,False,False,False
PF_PEOPLEUSD,PEOPLE,Community,2024-12-07 02:16:51+00:00,2026-07-17 00:00:00+00:00,6,2024-12-27 00:00:00+00:00,2025-12-31 00:00:00+00:00,370,32,85,181,30,c01_mechanism_proof_top100_close_based_proxy_v1_20260717,768b09c731a728e31ce1d882862878c698cbf19e6883b1d0fe02505edb619f15,False,False,False
PF_PEPEUSD,PEPE,Community,2023-12-10 00:16:14+00:00,2026-07-17 00:00:00+00:00,8,2023-12-30 00:00:00+00:00,2025-12-31 00:00:00+00:00,733,733,2,47,30,c01_mechanism_proof_top100_close_based_proxy_v1_20260717,768b09c731a728e31ce1d882862878c698cbf19e6883b1d0fe02505edb619f15,False,False,False
PF_PIXELUSD,PIXEL,Gaming,2024-12-07 02:16:51+00:00,2026-07-17 00:00:00+00:00,6,2024-12-27 00:00:00+00:00,2025-12-31 00:00:00+00:00,370,0,138,251,30,c01_mechanism_proof_top100_close_based_proxy_v1_20260717,768b09c731a728e31ce1d882862878c698cbf19e6883b1d0fe02505edb619f15,False,False,False
PF_PNUTUSD,PNUT,Meme,2024-12-07 02:16:51+00:00,2026-07-17 00:00:00+00:00,6,2024-12-27 00:00:00+00:00,2025-12-31 00:00:00+00:00,370,348,28,105,30,c01_mechanism_proof_top100_close_based_proxy_v1_20260717,768b09c731a728e31ce1d882862878c698cbf19e6883b1d0fe02505edb619f15,False,False,False
PF_POLUSD,POL,DeFi,2024-12-07 02:16:51+00:00,2026-07-17 00:00:00+00:00,6,2024-12-27 00:00:00+00:00,2025-12-31 00:00:00+00:00,370,370,36,73,30,c01_mechanism_proof_top100_close_based_proxy_v1_20260717,768b09c731a728e31ce1d882862878c698cbf19e6883b1d0fe02505edb619f15,False,False,False
PF_POPCATUSD,POPCAT,Meme,2024-12-07 02:16:51+00:00,2026-07-17 00:00:00+00:00,6,2024-12-27 00:00:00+00:00,2025-12-31 00:00:00+00:00,370,370,4,35,30,c01_mechanism_proof_top100_close_based_proxy_v1_20260717,768b09c731a728e31ce1d882862878c698cbf19e6883b1d0fe02505edb619f15,False,False,False
PF_PORTALUSD,PORTAL,Gaming,2024-12-07 02:16:51+00:00,2026-07-17 00:00:00+00:00,6,2024-12-27 00:00:00+00:00,2025-12-31 00:00:00+00:00,370,0,110,226,30,c01_mechanism_proof_top100_close_based_proxy_v1_20260717,768b09c731a728e31ce1d882862878c698cbf19e6883b1d0fe02505edb619f15,False,False,False
PF_POWRUSD,POWR,DeFi,2024-12-07 02:16:51+00:00,2026-07-17 00:00:00+00:00,6,2024-12-27 00:00:00+00:00,2025-12-31 00:00:00+00:00,370,0,140,250,30,c01_mechanism_proof_top100_close_based_proxy_v1_20260717,768b09c731a728e31ce1d882862878c698cbf19e6883b1d0fe02505edb619f15,False,False,False
PF_PUMPUSD,PUMP,DeFi,2025-08-15 21:21:34+00:00,2026-07-17 00:00:00+00:00,2,2025-09-04 00:00:00+00:00,2025-12-31 00:00:00+00:00,119,119,10,61,30,c01_mechanism_proof_top100_close_based_proxy_v1_20260717,768b09c731a728e31ce1d882862878c698cbf19e6883b1d0fe02505edb619f15,False,False,False
PF_PYTHUSD,PYTH,Layer 2,2023-12-10 00:16:14+00:00,2026-07-17 00:00:00+00:00,8,2023-12-30 00:00:00+00:00,2025-12-31 00:00:00+00:00,733,652,26,136,30,c01_mechanism_proof_top100_close_based_proxy_v1_20260717,768b09c731a728e31ce1d882862878c698cbf19e6883b1d0fe02505edb619f15,False,False,False
PF_QNTUSD,QNT,DeFi,2023-02-23 08:48:16+00:00,2026-07-17 00:00:00+00:00,9,2023-03-15 00:00:00+00:00,2025-12-31 00:00:00+00:00,1023,801,34,138,30,c01_mechanism_proof_top100_close_based_proxy_v1_20260717,768b09c731a728e31ce1d882862878c698cbf19e6883b1d0fe02505edb619f15,False,False,False
PF_QTUMUSD,QTUM,DeFi,2023-02-23 08:48:16+00:00,2026-07-17 00:00:00+00:00,9,2023-03-15 00:00:00+00:00,2025-12-31 00:00:00+00:00,1023,675,41,230,30,c01_mechanism_proof_top100_close_based_proxy_v1_20260717,768b09c731a728e31ce1d882862878c698cbf19e6883b1d0fe02505edb619f15,False,False,False
PF_RAREUSD,RARE,Community,2024-12-07 02:16:51+00:00,2026-07-17 00:00:00+00:00,6,2024-12-27 00:00:00+00:00,2025-12-31 00:00:00+00:00,370,0,104,187,30,c01_mechanism_proof_top100_close_based_proxy_v1_20260717,768b09c731a728e31ce1d882862878c698cbf19e6883b1d0fe02505edb619f15,False,False,False
PF_RAYUSD,RAY,DeFi,2024-12-07 02:16:51+00:00,2026-07-17 00:00:00+00:00,6,2024-12-27 00:00:00+00:00,2025-12-31 00:00:00+00:00,370,301,35,111,30,c01_mechanism_proof_top100_close_based_proxy_v1_20260717,768b09c731a728e31ce1d882862878c698cbf19e6883b1d0fe02505edb619f15,False,False,False
PF_RENDERUSD,RENDER,Web3,2024-12-07 02:16:51+00:00,2026-07-17 00:00:00+00:00,6,2024-12-27 00:00:00+00:00,2025-12-31 00:00:00+00:00,370,370,26,72,30,c01_mechanism_proof_top100_close_based_proxy_v1_20260717,768b09c731a728e31ce1d882862878c698cbf19e6883b1d0fe02505edb619f15,False,False,False
PF_REZUSD,REZ,DeFi,2024-12-07 02:16:51+00:00,2026-07-17 00:00:00+00:00,6,2024-12-27 00:00:00+00:00,2025-12-31 00:00:00+00:00,370,0,146,225,30,c01_mechanism_proof_top100_close_based_proxy_v1_20260717,768b09c731a728e31ce1d882862878c698cbf19e6883b1d0fe02505edb619f15,False,False,False
PF_RLCUSD,RLC,Web3,2023-12-10 00:16:14+00:00,2026-07-17 00:00:00+00:00,8,2023-12-30 00:00:00+00:00,2025-12-31 00:00:00+00:00,733,201,60,237,30,c01_mechanism_proof_top100_close_based_proxy_v1_20260717,768b09c731a728e31ce1d882862878c698cbf19e6883b1d0fe02505edb619f15,False,False,False
PF_ROSEUSD,ROSE,AI,2024-12-07 02:16:51+00:00,2026-07-17 00:00:00+00:00,6,2024-12-27 00:00:00+00:00,2025-12-31 00:00:00+00:00,370,0,133,248,30,c01_mechanism_proof_top100_close_based_proxy_v1_20260717,768b09c731a728e31ce1d882862878c698cbf19e6883b1d0fe02505edb619f15,False,False,False
PF_RSRUSD,RSR,DeFi,2024-12-07 02:16:51+00:00,2026-07-17 00:00:00+00:00,6,2024-12-27 00:00:00+00:00,2025-12-31 00:00:00+00:00,370,72,75,213,30,c01_mechanism_proof_top100_close_based_proxy_v1_20260717,768b09c731a728e31ce1d882862878c698cbf19e6883b1d0fe02505edb619f15,False,False,False
PF_RUNEUSD,RUNE,DeFi,2023-02-23 08:48:16+00:00,2026-07-17 00:00:00+00:00,9,2023-03-15 00:00:00+00:00,2025-12-31 00:00:00+00:00,1023,1023,10,84,30,c01_mechanism_proof_top100_close_based_proxy_v1_20260717,768b09c731a728e31ce1d882862878c698cbf19e6883b1d0fe02505edb619f15,False,False,False
PF_SAGAUSD,SAGA,Layer 1,2024-04-17 12:34:20+00:00,2026-07-17 00:00:00+00:00,7,2024-05-07 00:00:00+00:00,2025-12-31 00:00:00+00:00,604,234,44,160,30,c01_mechanism_proof_top100_close_based_proxy_v1_20260717,768b09c731a728e31ce1d882862878c698cbf19e6883b1d0fe02505edb619f15,False,False,False
PF_SEIUSD,SEI,Layer 1,2024-04-17 12:34:20+00:00,2026-07-17 00:00:00+00:00,7,2024-05-07 00:00:00+00:00,2025-12-31 00:00:00+00:00,604,604,14,66,30,c01_mechanism_proof_top100_close_based_proxy_v1_20260717,768b09c731a728e31ce1d882862878c698cbf19e6883b1d0fe02505edb619f15,False,False,False
PF_SHELLUSD,SHELL,AI,2025-03-23 23:24:48+00:00,2026-07-17 00:00:00+00:00,4,2025-04-12 00:00:00+00:00,2025-12-31 00:00:00+00:00,264,0,153,247,30,c01_mechanism_proof_top100_close_based_proxy_v1_20260717,768b09c731a728e31ce1d882862878c698cbf19e6883b1d0fe02505edb619f15,False,False,False
PF_SHIBUSD,SHIB,Community,2023-12-10 00:16:14+00:00,2026-07-17 00:00:00+00:00,8,2023-12-30 00:00:00+00:00,2025-12-31 00:00:00+00:00,733,733,9,61,30,c01_mechanism_proof_top100_close_based_proxy_v1_20260717,768b09c731a728e31ce1d882862878c698cbf19e6883b1d0fe02505edb619f15,False,False,False
PF_SKLUSD,SKL,Gaming,2025-02-08 03:03:05+00:00,2026-07-17 00:00:00+00:00,5,2025-02-28 00:00:00+00:00,2025-12-31 00:00:00+00:00,307,22,88,248,30,c01_mechanism_proof_top100_close_based_proxy_v1_20260717,768b09c731a728e31ce1d882862878c698cbf19e6883b1d0fe02505edb619f15,False,False,False
PF_SNXUSD,SNX,DeFi,2023-02-23 08:48:16+00:00,2026-07-17 00:00:00+00:00,9,2023-03-15 00:00:00+00:00,2025-12-31 00:00:00+00:00,1023,857,9,146,30,c01_mechanism_proof_top100_close_based_proxy_v1_20260717,768b09c731a728e31ce1d882862878c698cbf19e6883b1d0fe02505edb619f15,False,False,False
PF_SOLUSD,SOL,Layer 1,2023-02-23 08:48:16+00:00,2026-07-17 00:00:00+00:00,9,2023-03-15 00:00:00+00:00,2025-12-31 00:00:00+00:00,1023,1023,1,4,30,c01_mechanism_proof_top100_close_based_proxy_v1_20260717,768b09c731a728e31ce1d882862878c698cbf19e6883b1d0fe02505edb619f15,False,False,False
PF_SOLVUSD,SOLV,DeFi,2025-03-23 23:24:48+00:00,2026-07-17 00:00:00+00:00,4,2025-04-12 00:00:00+00:00,2025-12-31 00:00:00+00:00,264,0,158,251,30,c01_mechanism_proof_top100_close_based_proxy_v1_20260717,768b09c731a728e31ce1d882862878c698cbf19e6883b1d0fe02505edb619f15,False,False,False
PF_SONICUSD,SONIC,Gaming,2025-02-08 03:03:05+00:00,2026-07-17 00:00:00+00:00,5,2025-02-28 00:00:00+00:00,2025-12-31 00:00:00+00:00,307,0,144,245,30,c01_mechanism_proof_top100_close_based_proxy_v1_20260717,768b09c731a728e31ce1d882862878c698cbf19e6883b1d0fe02505edb619f15,False,False,False
PF_SPELLUSD,SPELL,DeFi,2024-04-17 12:34:20+00:00,2026-07-17 00:00:00+00:00,7,2024-05-07 00:00:00+00:00,2025-12-31 00:00:00+00:00,604,249,75,230,30,c01_mechanism_proof_top100_close_based_proxy_v1_20260717,768b09c731a728e31ce1d882862878c698cbf19e6883b1d0fe02505edb619f15,False,False,False
PF_SPKUSD,SPK,DeFi,2025-08-15 21:21:34+00:00,2026-07-17 00:00:00+00:00,2,2025-09-04 00:00:00+00:00,2025-12-31 00:00:00+00:00,119,15,93,210,30,c01_mechanism_proof_top100_close_based_proxy_v1_20260717,768b09c731a728e31ce1d882862878c698cbf19e6883b1d0fe02505edb619f15,False,False,False
PF_SPXUSD,SPX,Meme,2025-02-08 03:03:05+00:00,2026-07-17 00:00:00+00:00,5,2025-02-28 00:00:00+00:00,2025-12-31 00:00:00+00:00,307,307,26,97,30,c01_mechanism_proof_top100_close_based_proxy_v1_20260717,768b09c731a728e31ce1d882862878c698cbf19e6883b1d0fe02505edb619f15,False,False,False
PF_SSVUSD,SSV,DeFi,2024-12-07 02:16:51+00:00,2026-07-17 00:00:00+00:00,6,2024-12-27 00:00:00+00:00,2025-12-31 00:00:00+00:00,370,0,138,234,30,c01_mechanism_proof_top100_close_based_proxy_v1_20260717,768b09c731a728e31ce1d882862878c698cbf19e6883b1d0fe02505edb619f15,False,False,False
PF_STEEMUSD,STEEM,Community,2024-12-07 02:16:51+00:00,2026-07-17 00:00:00+00:00,6,2024-12-27 00:00:00+00:00,2025-12-31 00:00:00+00:00,370,0,108,253,30,c01_mechanism_proof_top100_close_based_proxy_v1_20260717,768b09c731a728e31ce1d882862878c698cbf19e6883b1d0fe02505edb619f15,False,False,False
PF_STGUSD,STG,DeFi,2023-12-10 00:16:14+00:00,2026-07-17 00:00:00+00:00,8,2023-12-30 00:00:00+00:00,2025-12-31 00:00:00+00:00,733,242,80,232,30,c01_mechanism_proof_top100_close_based_proxy_v1_20260717,768b09c731a728e31ce1d882862878c698cbf19e6883b1d0fe02505edb619f15,False,False,False
PF_STORJUSD,STORJ,DeFi,2023-02-23 08:48:16+00:00,2026-07-17 00:00:00+00:00,9,2023-03-15 00:00:00+00:00,2025-12-31 00:00:00+00:00,1023,716,12,202,30,c01_mechanism_proof_top100_close_based_proxy_v1_20260717,768b09c731a728e31ce1d882862878c698cbf19e6883b1d0fe02505edb619f15,False,False,False
PF_STRKUSD,STRK,Layer 2,2024-04-17 12:34:20+00:00,2026-07-17 00:00:00+00:00,7,2024-05-07 00:00:00+00:00,2025-12-31 00:00:00+00:00,604,530,25,120,30,c01_mechanism_proof_top100_close_based_proxy_v1_20260717,768b09c731a728e31ce1d882862878c698cbf19e6883b1d0fe02505edb619f15,False,False,False
PF_STXUSD,STX,DeFi,2023-12-10 00:16:14+00:00,2026-07-17 00:00:00+00:00,8,2023-12-30 00:00:00+00:00,2025-12-31 00:00:00+00:00,733,733,17,87,30,c01_mechanism_proof_top100_close_based_proxy_v1_20260717,768b09c731a728e31ce1d882862878c698cbf19e6883b1d0fe02505edb619f15,False,False,False
PF_SUIUSD,SUI,Layer 1,2023-12-10 00:16:14+00:00,2026-07-17 00:00:00+00:00,8,2023-12-30 00:00:00+00:00,2025-12-31 00:00:00+00:00,733,733,3,34,30,c01_mechanism_proof_top100_close_based_proxy_v1_20260717,768b09c731a728e31ce1d882862878c698cbf19e6883b1d0fe02505edb619f15,False,False,False
PF_SUNUSD,SUN,DeFi,2024-12-07 02:16:51+00:00,2026-07-17 00:00:00+00:00,6,2024-12-27 00:00:00+00:00,2025-12-31 00:00:00+00:00,370,0,131,251,30,c01_mechanism_proof_top100_close_based_proxy_v1_20260717,768b09c731a728e31ce1d882862878c698cbf19e6883b1d0fe02505edb619f15,False,False,False
PF_SUPERUSD,SUPER,DeFi,2024-12-07 02:16:51+00:00,2026-07-17 00:00:00+00:00,6,2024-12-27 00:00:00+00:00,2025-12-31 00:00:00+00:00,370,0,101,179,30,c01_mechanism_proof_top100_close_based_proxy_v1_20260717,768b09c731a728e31ce1d882862878c698cbf19e6883b1d0fe02505edb619f15,False,False,False
PF_SUSD,S,Layer 1,2025-02-08 03:03:05+00:00,2026-07-17 00:00:00+00:00,5,2025-02-28 00:00:00+00:00,2025-12-31 00:00:00+00:00,307,212,48,124,30,c01_mechanism_proof_top100_close_based_proxy_v1_20260717,768b09c731a728e31ce1d882862878c698cbf19e6883b1d0fe02505edb619f15,False,False,False
PF_SUSHIUSD,SUSHI,DeFi,2023-02-23 08:48:16+00:00,2026-07-17 00:00:00+00:00,9,2023-03-15 00:00:00+00:00,2025-12-31 00:00:00+00:00,1023,1023,14,93,30,c01_mechanism_proof_top100_close_based_proxy_v1_20260717,768b09c731a728e31ce1d882862878c698cbf19e6883b1d0fe02505edb619f15,False,False,False
PF_SWARMSUSD,SWARMS,AI,2025-02-08 03:03:05+00:00,2026-07-17 00:00:00+00:00,5,2025-02-28 00:00:00+00:00,2025-12-31 00:00:00+00:00,307,0,111,238,30,c01_mechanism_proof_top100_close_based_proxy_v1_20260717,768b09c731a728e31ce1d882862878c698cbf19e6883b1d0fe02505edb619f15,False,False,False
PF_SXTUSD,SXT,Interoperability,2025-06-17 05:47:15+00:00,2026-07-17 00:00:00+00:00,3,2025-07-07 00:00:00+00:00,2025-12-31 00:00:00+00:00,178,0,168,247,30,c01_mechanism_proof_top100_close_based_proxy_v1_20260717,768b09c731a728e31ce1d882862878c698cbf19e6883b1d0fe02505edb619f15,False,False,False
PF_SYNUSD,SYN,Layer 2,2024-12-07 02:16:51+00:00,2026-07-17 00:00:00+00:00,6,2024-12-27 00:00:00+00:00,2025-12-31 00:00:00+00:00,370,0,103,201,30,c01_mechanism_proof_top100_close_based_proxy_v1_20260717,768b09c731a728e31ce1d882862878c698cbf19e6883b1d0fe02505edb619f15,False,False,False
PF_SYRUPUSD,SYRUP,DeFi,2025-06-17 05:47:15+00:00,2026-07-17 00:00:00+00:00,3,2025-07-07 00:00:00+00:00,2025-12-31 00:00:00+00:00,178,0,109,250,30,c01_mechanism_proof_top100_close_based_proxy_v1_20260717,768b09c731a728e31ce1d882862878c698cbf19e6883b1d0fe02505edb619f15,False,False,False
PF_TAOUSD,TAO,AI,2024-12-07 02:16:51+00:00,2026-07-17 00:00:00+00:00,6,2024-12-27 00:00:00+00:00,2025-12-31 00:00:00+00:00,370,370,7,41,30,c01_mechanism_proof_top100_close_based_proxy_v1_20260717,768b09c731a728e31ce1d882862878c698cbf19e6883b1d0fe02505edb619f15,False,False,False
PF_THETAUSD,THETA,DeFi,2023-02-23 08:48:16+00:00,2026-07-17 00:00:00+00:00,9,2023-03-15 00:00:00+00:00,2025-12-31 00:00:00+00:00,1023,1023,31,94,30,c01_mechanism_proof_top100_close_based_proxy_v1_20260717,768b09c731a728e31ce1d882862878c698cbf19e6883b1d0fe02505edb619f15,False,False,False
PF_TIAUSD,TIA,Layer 1,2023-12-10 00:16:14+00:00,2026-07-17 00:00:00+00:00,8,2023-12-30 00:00:00+00:00,2025-12-31 00:00:00+00:00,733,733,9,56,30,c01_mechanism_proof_top100_close_based_proxy_v1_20260717,768b09c731a728e31ce1d882862878c698cbf19e6883b1d0fe02505edb619f15,False,False,False
PF_TLMUSD,TLM,Gaming,2024-12-07 02:16:51+00:00,2026-07-17 00:00:00+00:00,6,2024-12-27 00:00:00+00:00,2025-12-31 00:00:00+00:00,370,0,157,253,30,c01_mechanism_proof_top100_close_based_proxy_v1_20260717,768b09c731a728e31ce1d882862878c698cbf19e6883b1d0fe02505edb619f15,False,False,False
PF_TNSRUSD,TNSR,Web3,2024-12-07 02:16:51+00:00,2026-07-17 00:00:00+00:00,6,2024-12-27 00:00:00+00:00,2025-12-31 00:00:00+00:00,370,0,113,233,30,c01_mechanism_proof_top100_close_based_proxy_v1_20260717,768b09c731a728e31ce1d882862878c698cbf19e6883b1d0fe02505edb619f15,False,False,False
PF_TRBUSD,TRB,DeFi,2024-12-07 02:16:51+00:00,2026-07-17 00:00:00+00:00,6,2024-12-27 00:00:00+00:00,2025-12-31 00:00:00+00:00,370,50,57,186,30,c01_mechanism_proof_top100_close_based_proxy_v1_20260717,768b09c731a728e31ce1d882862878c698cbf19e6883b1d0fe02505edb619f15,False,False,False
PF_TRUMPUSD,TRUMP,Meme,2025-02-08 03:03:05+00:00,2026-07-17 00:00:00+00:00,5,2025-02-28 00:00:00+00:00,2025-12-31 00:00:00+00:00,307,307,6,72,30,c01_mechanism_proof_top100_close_based_proxy_v1_20260717,768b09c731a728e31ce1d882862878c698cbf19e6883b1d0fe02505edb619f15,False,False,False
PF_TRUUSD,TRU,DeFi,2024-04-17 12:34:20+00:00,2026-07-17 00:00:00+00:00,6,2024-05-08 00:00:00+00:00,2025-12-31 00:00:00+00:00,603,232,57,220,30,c01_mechanism_proof_top100_close_based_proxy_v1_20260717,768b09c731a728e31ce1d882862878c698cbf19e6883b1d0fe02505edb619f15,False,False,False
PF_TRXUSD,TRX,Layer 1,2023-02-23 08:48:16+00:00,2026-07-17 00:00:00+00:00,8,2023-03-15 00:00:00+00:00,2025-12-31 00:00:00+00:00,1023,1023,12,80,30,c01_mechanism_proof_top100_close_based_proxy_v1_20260717,768b09c731a728e31ce1d882862878c698cbf19e6883b1d0fe02505edb619f15,False,False,False
PF_TURBOUSD,TURBO,Community,2024-12-07 02:16:51+00:00,2026-07-17 00:00:00+00:00,5,2024-12-27 00:00:00+00:00,2025-12-31 00:00:00+00:00,370,363,34,102,30,c01_mechanism_proof_top100_close_based_proxy_v1_20260717,768b09c731a728e31ce1d882862878c698cbf19e6883b1d0fe02505edb619f15,False,False,False
PF_TUSD,T,DeFi,2024-12-07 02:16:51+00:00,2026-07-17 00:00:00+00:00,5,2024-12-27 00:00:00+00:00,2025-12-31 00:00:00+00:00,370,0,134,253,30,c01_mechanism_proof_top100_close_based_proxy_v1_20260717,768b09c731a728e31ce1d882862878c698cbf19e6883b1d0fe02505edb619f15,False,False,False
PF_UMAUSD,UMA,DeFi,2024-04-17 12:34:20+00:00,2026-07-17 00:00:00+00:00,6,2024-05-07 00:00:00+00:00,2025-12-31 00:00:00+00:00,604,229,52,197,30,c01_mechanism_proof_top100_close_based_proxy_v1_20260717,768b09c731a728e31ce1d882862878c698cbf19e6883b1d0fe02505edb619f15,False,False,False
PF_UNIUSD,UNI,DeFi,2023-02-23 08:48:16+00:00,2026-07-17 00:00:00+00:00,8,2023-03-15 00:00:00+00:00,2025-12-31 00:00:00+00:00,1023,1023,5,37,30,c01_mechanism_proof_top100_close_based_proxy_v1_20260717,768b09c731a728e31ce1d882862878c698cbf19e6883b1d0fe02505edb619f15,False,False,False
PF_USUALUSD,USUAL,DeFi,2025-03-23 23:24:48+00:00,2026-07-17 00:00:00+00:00,4,2025-04-12 00:00:00+00:00,2025-12-31 00:00:00+00:00,264,14,96,178,30,c01_mechanism_proof_top100_close_based_proxy_v1_20260717,768b09c731a728e31ce1d882862878c698cbf19e6883b1d0fe02505edb619f15,False,False,False
PF_VELOUSD,VELO,DeFi,2025-03-23 23:24:48+00:00,2026-07-17 00:00:00+00:00,4,2025-04-12 00:00:00+00:00,2025-12-31 00:00:00+00:00,264,0,163,248,30,c01_mechanism_proof_top100_close_based_proxy_v1_20260717,768b09c731a728e31ce1d882862878c698cbf19e6883b1d0fe02505edb619f15,False,False,False
PF_VETUSD,VET,Real-world assets,2024-12-07 02:16:51+00:00,2026-07-17 00:00:00+00:00,5,2024-12-27 00:00:00+00:00,2025-12-31 00:00:00+00:00,370,217,81,118,30,c01_mechanism_proof_top100_close_based_proxy_v1_20260717,768b09c731a728e31ce1d882862878c698cbf19e6883b1d0fe02505edb619f15,False,False,False
PF_VINEUSD,VINE,Meme,2025-03-23 23:24:48+00:00,2026-07-17 00:00:00+00:00,4,2025-04-12 00:00:00+00:00,2025-12-31 00:00:00+00:00,264,83,56,204,30,c01_mechanism_proof_top100_close_based_proxy_v1_20260717,768b09c731a728e31ce1d882862878c698cbf19e6883b1d0fe02505edb619f15,False,False,False
PF_VIRTUALUSD,VIRTUAL,AI,2025-03-23 23:24:48+00:00,2026-07-17 00:00:00+00:00,4,2025-04-12 00:00:00+00:00,2025-12-31 00:00:00+00:00,264,264,25,63,30,c01_mechanism_proof_top100_close_based_proxy_v1_20260717,768b09c731a728e31ce1d882862878c698cbf19e6883b1d0fe02505edb619f15,False,False,False
PF_WIFUSD,WIF,Community,2024-04-17 12:34:20+00:00,2026-07-17 00:00:00+00:00,6,2024-05-07 00:00:00+00:00,2025-12-31 00:00:00+00:00,604,604,2,16,30,c01_mechanism_proof_top100_close_based_proxy_v1_20260717,768b09c731a728e31ce1d882862878c698cbf19e6883b1d0fe02505edb619f15,False,False,False
PF_WLDUSD,WLD,Web3,2023-12-10 00:16:14+00:00,2026-07-17 00:00:00+00:00,7,2023-12-30 00:00:00+00:00,2025-12-31 00:00:00+00:00,733,733,6,56,30,c01_mechanism_proof_top100_close_based_proxy_v1_20260717,768b09c731a728e31ce1d882862878c698cbf19e6883b1d0fe02505edb619f15,False,False,False
PF_WOOUSD,WOO,DeFi,2023-12-10 00:16:14+00:00,2026-07-17 00:00:00+00:00,7,2023-12-30 00:00:00+00:00,2025-12-31 00:00:00+00:00,733,363,45,237,30,c01_mechanism_proof_top100_close_based_proxy_v1_20260717,768b09c731a728e31ce1d882862878c698cbf19e6883b1d0fe02505edb619f15,False,False,False
PF_WUSD,W,DeFi,2024-04-17 12:34:20+00:00,2026-07-17 00:00:00+00:00,6,2024-05-07 00:00:00+00:00,2025-12-31 00:00:00+00:00,604,534,30,124,30,c01_mechanism_proof_top100_close_based_proxy_v1_20260717,768b09c731a728e31ce1d882862878c698cbf19e6883b1d0fe02505edb619f15,False,False,False
PF_XCNUSD,XCN,DeFi,2025-03-23 23:24:48+00:00,2026-07-17 00:00:00+00:00,4,2025-04-12 00:00:00+00:00,2025-12-31 00:00:00+00:00,264,0,103,203,30,c01_mechanism_proof_top100_close_based_proxy_v1_20260717,768b09c731a728e31ce1d882862878c698cbf19e6883b1d0fe02505edb619f15,False,False,False
PF_XLMUSD,XLM,Layer 1,2023-02-23 08:48:16+00:00,2026-07-17 00:00:00+00:00,8,2023-03-15 00:00:00+00:00,2025-12-31 00:00:00+00:00,1023,1023,5,68,30,c01_mechanism_proof_top100_close_based_proxy_v1_20260717,768b09c731a728e31ce1d882862878c698cbf19e6883b1d0fe02505edb619f15,False,False,False
PF_XMRUSD,XMR,Privacy,2023-02-23 08:48:16+00:00,2026-07-17 00:00:00+00:00,8,2023-03-15 00:00:00+00:00,2025-12-31 00:00:00+00:00,1023,1023,8,43,30,c01_mechanism_proof_top100_close_based_proxy_v1_20260717,768b09c731a728e31ce1d882862878c698cbf19e6883b1d0fe02505edb619f15,False,False,False
PF_XRPUSD,XRP,Layer 1,2023-02-23 08:48:16+00:00,2026-07-17 00:00:00+00:00,8,2023-03-15 00:00:00+00:00,2025-12-31 00:00:00+00:00,1023,1023,1,5,30,c01_mechanism_proof_top100_close_based_proxy_v1_20260717,768b09c731a728e31ce1d882862878c698cbf19e6883b1d0fe02505edb619f15,False,False,False
PF_XTZUSD,XTZ,Layer 1,2023-02-23 08:48:16+00:00,2026-07-17 00:00:00+00:00,8,2023-03-15 00:00:00+00:00,2025-12-31 00:00:00+00:00,1023,947,11,128,30,c01_mechanism_proof_top100_close_based_proxy_v1_20260717,768b09c731a728e31ce1d882862878c698cbf19e6883b1d0fe02505edb619f15,False,False,False
PF_XVSUSD,XVS,DeFi,2025-03-23 23:24:48+00:00,2026-07-17 00:00:00+00:00,4,2025-04-12 00:00:00+00:00,2025-12-31 00:00:00+00:00,264,0,200,253,30,c01_mechanism_proof_top100_close_based_proxy_v1_20260717,768b09c731a728e31ce1d882862878c698cbf19e6883b1d0fe02505edb619f15,False,False,False
PF_YFIUSD,YFI,DeFi,2023-02-23 08:48:16+00:00,2026-07-17 00:00:00+00:00,7,2023-03-15 00:00:00+00:00,2025-12-31 00:00:00+00:00,1023,803,8,142,30,c01_mechanism_proof_top100_close_based_proxy_v1_20260717,768b09c731a728e31ce1d882862878c698cbf19e6883b1d0fe02505edb619f15,False,False,False
PF_YGGUSD,YGG,Gaming,2024-04-17 12:34:20+00:00,2026-07-17 00:00:00+00:00,5,2024-05-07 00:00:00+00:00,2025-12-31 00:00:00+00:00,604,234,70,196,30,c01_mechanism_proof_top100_close_based_proxy_v1_20260717,768b09c731a728e31ce1d882862878c698cbf19e6883b1d0fe02505edb619f15,False,False,False
PF_ZECUSD,ZEC,Privacy,2023-02-23 08:48:16+00:00,2025-08-15 21:21:34+00:00,6,2023-03-15 00:00:00+00:00,2025-12-31 00:00:00+00:00,1023,1023,2,76,30,c01_mechanism_proof_top100_close_based_proxy_v1_20260717,768b09c731a728e31ce1d882862878c698cbf19e6883b1d0fe02505edb619f15,False,False,False
PF_ZENUSD,ZEN,DeFi,2025-03-23 23:24:48+00:00,2026-07-17 00:00:00+00:00,4,2025-04-12 00:00:00+00:00,2025-12-31 00:00:00+00:00,264,77,56,234,30,c01_mechanism_proof_top100_close_based_proxy_v1_20260717,768b09c731a728e31ce1d882862878c698cbf19e6883b1d0fe02505edb619f15,False,False,False
PF_ZEREBROUSD,ZEREBRO,Meme,2025-03-23 23:24:48+00:00,2026-07-17 00:00:00+00:00,4,2025-04-12 00:00:00+00:00,2025-12-31 00:00:00+00:00,264,14,93,224,30,c01_mechanism_proof_top100_close_based_proxy_v1_20260717,768b09c731a728e31ce1d882862878c698cbf19e6883b1d0fe02505edb619f15,False,False,False
PF_ZETAUSD,ZETA,Web3,2025-03-23 23:24:48+00:00,2026-07-17 00:00:00+00:00,4,2025-04-12 00:00:00+00:00,2025-12-31 00:00:00+00:00,264,9,87,240,30,c01_mechanism_proof_top100_close_based_proxy_v1_20260717,768b09c731a728e31ce1d882862878c698cbf19e6883b1d0fe02505edb619f15,False,False,False
PF_ZILUSD,ZIL,DeFi,2025-03-23 23:24:48+00:00,2026-07-17 00:00:00+00:00,4,2025-04-12 00:00:00+00:00,2025-12-31 00:00:00+00:00,264,0,143,220,30,c01_mechanism_proof_top100_close_based_proxy_v1_20260717,768b09c731a728e31ce1d882862878c698cbf19e6883b1d0fe02505edb619f15,False,False,False
PF_ZKUSD,ZK,Layer 2,2025-03-23 23:24:48+00:00,2026-07-17 00:00:00+00:00,4,2025-04-12 00:00:00+00:00,2025-12-31 00:00:00+00:00,264,261,60,101,30,c01_mechanism_proof_top100_close_based_proxy_v1_20260717,768b09c731a728e31ce1d882862878c698cbf19e6883b1d0fe02505edb619f15,False,False,False
PF_ZROUSD,ZRO,DeFi,2025-03-23 23:24:48+00:00,2026-07-17 00:00:00+00:00,4,2025-04-12 00:00:00+00:00,2025-12-31 00:00:00+00:00,264,135,52,134,30,c01_mechanism_proof_top100_close_based_proxy_v1_20260717,768b09c731a728e31ce1d882862878c698cbf19e6883b1d0fe02505edb619f15,False,False,False
PF_ZRXUSD,ZRX,DeFi,2023-12-10 00:16:14+00:00,2026-07-17 00:00:00+00:00,6,2023-12-30 00:00:00+00:00,2025-12-31 00:00:00+00:00,733,378,28,182,30,c01_mechanism_proof_top100_close_based_proxy_v1_20260717,768b09c731a728e31ce1d882862878c698cbf19e6883b1d0fe02505edb619f15,False,False,False
